target,1,2,3,4,5,6,7,8,9,10,11,12,13,14,15,16,17,18,19,20,21,22,23,24,25,26,27,28,29,30,31,32,33,34,35,36,37,38,39,40,41,42,43,44,45,46,47,48,49,50,51,52,53,54,55,56,57,58,59,60,61,62,63,64,65,66,67,68,69,70,71,72,73,74,75,76,77,78,79,80,81,82,83,84,85,86,87,88
11.92,0.0,0.1351351351351351,0.9677419354838709,0.375,0.23809523809523808,0.5,0.5,0.28647214854111397,0.043269230769230754,0.25,0.0,0.6666666666666666,0.6666666666666666,0.6666666666666666,1.0,0.6666666666666666,1.0,1.0,0.6666666666666666,1.0,0.25,0.25,0.25,0.5,0.25,0.5,0.5555555555555556,0.16666666666666666,1.0,0.6295180722891567,0.6295180722891567,0.6295180722891567,0.4498567335243553,0.3057553956834532,0.774074074074074,0.6632258064516131,0.12539184952978055,1.0,0.09302325581395349,0.09302325581395349,0.09302325581395349,0.0,0.0,0.14598540145985403,0.0,0.0,0.2558139534883721,0.3333333333333333,0.3333333333333333,0.3333333333333333,0.3076923076923077,0.125,0.6666666666666666,0.375,0.0,0.6666666666666666,0.125,0.125,0.125,0.0,0.0,0.47619047619047616,0.0,0.0,0.5882352941176471,0.0,0.4836867862969005,0.48368678629690054,0.48368678629690054,0.6157189424121691,0.45431034482758637,0.811217510259918,0.6894176581089542,0.2855530474040633,0.9999999999999999,0.7000000000000001,0.02567164179104478,0.46439873417721517,0.4335317460317461,0.17725594910861542,0.2650242243067724,0.3062393155817158,0.606506511212449,1.0,0.2839894113390085,0.4206362284155355,0.4655159946150157,0.1954498436613555
22.68,1.0,0.32432432432432456,0.7419354838709676,0.6875,,0.5,0.0,0.29708222811671087,0.7548076923076923,0.25,0.5333333333333333,0.0,0.0,0.0,0.0,0.0,0.0,0.0,0.0,0.0,0.0,0.0,0.0,0.0,0.0,0.0,0.0,0.0,0.0,0.6506024096385542,0.6506024096385542,0.6506024096385542,0.3230659025787965,0.3309352517985612,0.5296296296296296,0.4729032258064517,0.14733542319749215,0.6842105263157895,0.28837209302325584,0.28837209302325584,0.28837209302325584,0.43503480278422274,0.36563876651982385,0.45255474452554745,0.3858024691358024,0.3167938931297709,0.5813953488372093,0.0,0.0,0.0,0.1923076923076923,0.25,0.0,0.21875,0.14285714285714285,0.0,0.875,0.875,0.875,0.7372881355932204,0.631578947368421,0.7142857142857142,0.6092436974789917,0.46153846153846156,0.8823529411764706,0.0,0.059543230016313176,0.059543230016313176,0.059543230016313176,0.3332126041289386,0.45431034482758637,0.09986320109439117,0.28240450845334997,0.2855530474040633,0.12310286677908933,0.2400000000000001,0.017313432835820902,0.007911392405063292,0.3146997929606625,0.2720588235294118,0.490490042515104,0.567192488899434,0.6211348096744567,0.0828306792587522,0.2242663162505475,0.31581533925115945,0.16696440606727675,0.028491258363911073
10.72,0.0,0.5945945945945947,0.9516129032258064,0.0625,0.5238095238095237,0.0,0.0,0.03448275862068961,0.3653846153846154,0.75,0.6,0.0,0.0,0.0,0.16666666666666666,0.3333333333333333,0.0,0.16666666666666666,0.3333333333333333,0.0,0.0,0.0,0.0,0.5,0.75,0.0,0.5555555555555556,0.5,0.0,0.6536144578313253,0.6536144578313253,0.6536144578313253,0.27220630372492827,0.33453237410071945,0.37037037037037035,0.3965591397849463,0.15047021943573669,0.47846889952153115,0.5441860465116279,0.5441860465116279,0.5441860465116279,0.4756380510440836,0.4713656387665198,0.15328467153284672,0.4218106995884773,0.40839694656488545,0.26356589147286824,0.0,0.0,0.0,0.3076923076923077,0.25,0.0,0.375,0.14285714285714285,0.0,0.78125,0.78125,0.78125,0.35593220338983045,0.5526315789473684,0.47619047619047616,0.2941176470588235,0.40384615384615385,0.5882352941176471,0.0,0.49836867862969,0.49836867862969003,0.49836867862969003,0.4339007605939872,0.4698275862068967,0.09986320109439117,0.42746816948444977,0.3058690744920993,0.12310286677908933,0.78,0.0029850746268656747,0.03955696202531646,0.5335775335775337,0.2887154861944778,0.9999999999999999,0.2529505474019592,1.0,0.16893893581672467,0.338646708183359,0.33936870482774584,0.2742070020946579,0.27300740445571
11.78,1.0,0.4054054054054057,0.564516129032258,0.875,,0.0,0.5,0.40318302387267896,0.40384615384615385,0.75,0.20000000000000007,0.3333333333333333,0.3333333333333333,0.3333333333333333,0.16666666666666666,0.3333333333333333,0.0,0.2,0.3333333333333333,0.0,0.0,0.0,0.0,0.16666666666666666,0.25,0.0,0.11111111111111112,0.16666666666666666,0.0,0.8283132530120483,0.8283132530120483,0.8283132530120483,0.23782234957020043,0.5431654676258993,0.37777777777777777,0.1432258064516131,0.33228840125391845,0.16746411483253584,0.04651162790697677,0.04651162790697677,0.04651162790697677,0.34570765661252906,0.5462555066079295,0.072992700729927,0.3222222222222222,0.4732824427480915,0.17829457364341084,0.16666666666666666,0.16666666666666666,0.16666666666666666,0.23076923076923078,0.125,0.3333333333333333,0.25,0.0,0.3333333333333333,0.34375,0.34375,0.34375,0.30508474576271183,0.18421052631578944,0.6666666666666666,0.18487394957983194,0.1346153846153846,0.5294117647058824,0.0,0.010603588907014516,0.010603588907014683,0.010603588907014683,0.2238319449474826,0.4698275862068967,0.017783857729138153,0.26596743894802755,0.3058690744920993,0.021922428330522714,0.7000000000000001,0.005970149253731349,0.03401898734177215,0.47204968944099385,0.24546660769570988,0.3349572919962037,0.39622241805918046,0.6221324484201416,0.14724283020396137,1.0,1.0,0.4765656574233378,0.15554116603112933
10.46,0.0,0.6756756756756759,0.7580645161290321,0.4375,0.6190476190476191,0.0,0.0,0.05039787798408485,0.038461538461538464,1.0,0.20000000000000007,0.0,0.0,0.0,0.16666666666666666,0.3333333333333333,0.0,0.4,0.6666666666666666,0.0,0.0,0.0,0.0,0.3333333333333333,0.5,0.0,0.7777777777777778,0.6666666666666666,0.0,0.47891566265060237,0.47891566265060237,0.47891566265060237,0.12464183381088823,0.12589928057553956,0.39629629629629626,0.3922580645161292,0.26645768025078376,0.5119617224880383,0.4093023255813954,0.4093023255813954,0.4093023255813954,0.2969837587006961,0.29955947136563876,0.1313868613138686,0.20864197530864192,0.2595419847328244,0.24031007751937983,0.5,0.5,0.5,1.0,1.0,1.0,1.0,0.9999999999999999,0.6666666666666666,0.4375,0.4375,0.4375,0.5932203389830508,0.6578947368421053,0.47619047619047616,0.46218487394957986,0.48076923076923084,0.5882352941176471,0.0,0.05383360522022829,0.05383360522022834,0.05383360522022834,0.2212966316551972,0.4698275862068967,0.017783857729138153,0.18566061365059472,0.3058690744920993,0.021922428330522714,0.8800000000000001,0.007164179104477614,0.01503164556962025,0.23399014778325125,0.08061002178649238,0.6684141546526866,0.39115513676575264,0.48894202032277345,0.11139423846586571,0.264393454406595,0.37395512924585006,0.82581740643133,0.1705158644506799
13.3,1.0,0.43243243243243246,0.4838709677419354,1.0,,0.0,0.0,0.2652519893899204,0.3798076923076923,0.0,0.3111111111111111,0.0,0.0,0.0,0.0,0.0,0.0,0.3,0.6666666666666666,0.0,0.5,0.5,0.5,0.6666666666666666,0.5,0.0,0.6666666666666666,0.3333333333333333,0.0,0.7710843373493976,0.7710843373493976,0.7710843373493976,0.3954154727793695,0.47482014388489213,0.562962962962963,0.42709677419354863,0.2727272727272727,0.3588516746411483,0.2558139534883721,0.2558139534883721,0.2558139534883721,0.431554524361949,0.46696035242290757,0.4014598540145986,0.3345679012345679,0.4045801526717556,0.3643410852713178,0.0,0.0,0.0,0.0,0.125,0.0,0.0625,0.0,0.0,0.6875,0.6875,0.6875,0.8135593220338981,0.49999999999999994,1.0,0.4369747899159664,0.3653846153846154,0.5882352941176471,0.0,0.0,0.0,0.0,0.0,0.0,0.0,0.0,0.3058690744920993,0.0,0.6000000000000001,0.015522388059701492,0.05854430379746836,0.6904761904761906,0.2781954887218045,0.0,0.22563002372396235,0.4351464435146444,0.18066291835281414,0.2789835918659155,0.3639492455765363,0.7278560428118521,0.19599378711121831
23.06,0.0,0.3513513513513513,0.3548387096774194,0.8125,,1.0,0.25,0.22281167108753314,0.12019230769230768,0.25,0.0,0.0,0.0,0.0,0.16666666666666666,0.3333333333333333,0.0,0.3,0.6666666666666666,0.0,1.0,1.0,1.0,0.8333333333333334,1.0,0.0,0.5555555555555556,0.6666666666666666,0.0,0.9548192771084337,0.9548192771084337,0.9548192771084337,0.5300859598853869,0.6942446043165468,0.5481481481481482,0.904516129032258,0.5109717868338558,0.7081339712918661,0.13488372093023254,0.13488372093023254,0.13488372093023254,0.4570765661252901,0.5110132158590309,0.2116788321167883,0.3395061728395061,0.4427480916030534,0.32558139534883723,0.5,0.5,0.5,0.23076923076923078,0.25,0.0,0.3125,0.2857142857142857,0.0,0.34375,0.34375,0.34375,0.5932203389830508,0.47368421052631576,0.8095238095238095,0.4957983193277311,0.34615384615384626,1.0,0.0,0.11582381729200658,0.11582381729200653,0.11582381729200653,0.046722202100688226,0.06551724137931036,0.0,0.021603005635566497,0.3058690744920993,0.0,0.66,0.07522388059701493,0.041930379746835444,0.4071428571428572,0.23319327731092437,0.45266968962002174,0.2732764321008435,0.588803924397634,0.10117208742130351,0.2242663162505475,0.31735110728875504,0.5796142077074691,0.3830491402259154
26.3,0.0,0.43243243243243246,0.4516129032258064,0.5,0.8333333333333333,0.0,0.0,0.5570291777188328,0.28846153846153844,0.0,0.5555555555555556,0.3333333333333333,0.3333333333333333,0.3333333333333333,0.5,0.3333333333333333,0.5,0.5,0.3333333333333333,0.5,0.25,0.25,0.25,0.5,0.25,0.5,0.6666666666666666,0.3333333333333333,1.0,0.6295180722891567,0.6295180722891567,0.6295180722891567,0.5444126074498568,0.5107913669064749,0.774074074074074,0.801290322580645,0.3040752351097179,1.0,0.1162790697674419,0.1162790697674419,0.1162790697674419,0.0023201856148492017,0.06607929515418504,0.007299270072992692,0.051851851851851816,0.08015267175572519,0.10852713178294573,0.6666666666666666,0.6666666666666666,0.6666666666666666,0.3846153846153847,0.375,0.3333333333333333,0.625,0.5714285714285714,0.3333333333333333,0.46875,0.46875,0.46875,0.5593220338983049,0.31578947368421056,0.9523809523809523,0.33613445378151263,0.2307692307692308,0.5882352941176471,1.0,0.5138662316476346,0.5138662316476346,0.5138662316476346,0.25099601593625487,0.4862068965517242,0.0,0.027551659361302328,0.327313769751693,0.0,1.0,0.0364179104477612,0.16376582278481014,0.14217687074829932,0.19576719576719576,0.27653997378768014,0.5454091408450985,0.5561864913329351,0.3693942245224029,0.28786035268733473,0.32168739351255443,0.8669814014258588,0.16425586929748387
15.24,1.0,0.7027027027027026,0.24193548387096775,0.375,,0.0,0.0,0.12201591511936338,0.6009615384615384,0.25,0.37777777777777777,0.6666666666666666,0.6666666666666666,0.6666666666666666,0.5,0.6666666666666666,0.0,0.4,0.6666666666666666,0.0,0.75,0.75,0.75,0.6666666666666666,0.75,0.0,0.6666666666666666,0.5,0.0,0.7620481927710844,0.7620481927710844,0.7620481927710844,0.40257879656160456,0.4640287769784174,0.6,0.49935483870967745,0.2633228840125392,0.5598086124401914,0.2,0.2,0.2,0.5290023201856149,0.643171806167401,0.3138686131386862,0.4395061728395061,0.5572519083969465,0.43410852713178294,0.5,0.5,0.5,0.5384615384615384,0.25,1.0,0.5625,0.14285714285714285,0.3333333333333333,0.34375,0.34375,0.34375,0.5084745762711864,0.4210526315789473,0.8095238095238095,0.3613445378151261,0.3076923076923077,0.5294117647058824,0.0,0.6460032626427405,0.6460032626427407,0.6460032626427407,0.5378486055776889,0.6258620689655173,0.1942544459644323,0.27144646211646806,0.5101580135440182,0.0,0.6400000000000001,0.0764179104477612,0.06882911392405064,0.34956709956709964,0.1589169000933707,0.1326961314403321,0.3719528076538158,0.10869115611626401,0.1426231271077076,0.29777775969645065,0.32095227087888784,0.41883073645434504,0.3427816569997399
29.74,0.0,0.7297297297297298,0.8064516129032256,0.0,,0.0,0.0,0.53315649867374,0.3173076923076923,0.25,0.6888888888888889,0.3333333333333333,0.3333333333333333,0.3333333333333333,0.5,0.3333333333333333,0.5,0.5,0.3333333333333333,0.5,0.0,0.0,0.0,0.16666666666666666,0.25,0.0,0.22222222222222224,0.16666666666666666,0.0,0.3253012048192771,0.3253012048192771,0.3253012048192771,0.28510028653295116,0.6223021582733813,0.39629629629629626,0.43096774193548393,0.4012539184952978,0.5119617224880383,0.48837209302325585,0.48837209302325585,0.48837209302325585,0.5707656612529002,0.4405286343612336,0.5912408759124088,0.48765432098765427,0.45038167938931295,0.49612403100775193,0.3333333333333333,0.3333333333333333,0.3333333333333333,0.15384615384615385,0.125,0.3333333333333333,0.5625,0.7142857142857143,0.3333333333333333,0.90625,0.90625,0.90625,0.7118644067796609,0.6578947368421053,0.6666666666666666,0.6302521008403361,0.48076923076923084,0.8235294117647058,0.0,0.194942903752039,0.19494290375203915,0.19494290375203915,0.5729808040565009,0.6258620689655173,0.3269493844049247,0.32561051972448296,0.5101580135440182,0.0,0.52,0.0,0.0,0.34318555008210183,0.2611764705882353,0.007475365273530432,0.22732603464054502,0.0,0.08349377914423714,0.32220508230335115,0.3426912799090825,0.0,0.18226730939875765
29.34,1.0,0.4054054054054057,0.09677419354838707,1.0,,0.0,0.0,0.493368700265252,0.27884615384615385,0.75,0.6888888888888889,0.3333333333333333,0.3333333333333333,0.3333333333333333,0.6666666666666666,0.6666666666666666,0.5,0.4,0.6666666666666666,0.0,0.5,0.5,0.5,0.3333333333333333,0.5,0.0,0.22222222222222224,0.3333333333333333,0.0,0.2891566265060241,0.2891566265060241,0.2891566265060241,0.23495702005730645,0.32733812949640295,0.3555555555555555,0.3587096774193551,0.14420062695924762,0.4593301435406698,0.07906976744186048,0.07906976744186048,0.07906976744186048,0.23897911832946633,0.25550660792951546,0.1240875912408759,0.20246913580246906,0.22137404580152667,0.2325581395348837,0.5,0.5,0.5,0.3846153846153847,0.25,0.3333333333333333,0.4375,0.14285714285714285,0.3333333333333333,0.125,0.125,0.125,0.4576271186440678,0.4473684210526316,0.47619047619047616,0.30252100840336127,0.326923076923077,0.5294117647058824,0.0,0.7862969004893963,0.7862969004893964,0.7862969004893964,0.6939514668598329,0.7741379310344828,0.3269493844049247,0.6274264245460235,0.7042889390519187,0.23946037099494089,0.66,0.04716417910447762,0.36313291139240506,0.80109126984127,0.2882291602772496,0.2447054788647861,0.4675705123013755,0.3110898212958979,0.7301764092534292,0.29198594900071284,0.34190093808995986,0.8504200842270699,0.13290036225771695
22.76,0.0,0.0,0.08064516129032256,0.1875,0.7738095238095237,0.0,0.0,0.6074270557029178,0.38942307692307687,0.75,0.48888888888888893,0.0,0.0,0.0,0.0,0.0,0.0,0.2,0.3333333333333333,0.0,0.0,0.0,0.0,0.3333333333333333,0.25,0.0,0.7777777777777778,0.5,0.0,0.4186746987951807,0.4186746987951807,0.4186746987951807,0.3839541547277936,0.6115107913669066,0.5148148148148148,0.5690322580645163,0.3918495297805643,0.6267942583732057,0.48837209302325585,0.48837209302325585,0.48837209302325585,0.30394431554524365,0.3744493392070485,0.072992700729927,0.18395061728395057,0.32442748091603046,0.17829457364341084,0.3333333333333333,0.3333333333333333,0.3333333333333333,0.7692307692307693,0.625,0.6666666666666666,0.625,0.5714285714285714,0.3333333333333333,0.4375,0.4375,0.4375,0.27118644067796605,0.4210526315789473,0.0,0.23529411764705876,0.3076923076923077,0.0,1.0,0.7699836867862968,0.7699836867862969,0.7699836867862969,0.7490039840637447,0.7741379310344828,0.3269493844049247,0.8785222291797117,0.7042889390519187,0.4030354131534569,0.7000000000000001,0.10626865671641791,0.15585443037974683,0.36904761904761907,0.38158899923605805,0.4276460415628571,0.6137867206155514,0.3070167230339407,0.22500068688357025,0.30907339355476354,0.43839238077036397,0.20142189015929535,0.07855614446016632
14.52,1.0,0.3513513513513513,0.16129032258064513,0.5,,0.0,0.0,0.06100795755968169,0.33653846153846156,0.75,0.37777777777777777,0.0,0.0,0.0,0.0,0.0,0.0,0.3,0.6666666666666666,0.0,0.5,0.5,0.5,0.5,0.5,0.0,0.6666666666666666,0.3333333333333333,0.0,0.23493975903614456,0.23493975903614456,0.23493975903614456,0.11174785100286533,0.12230215827338131,0.28888888888888886,0.22322580645161316,0.0,0.3732057416267942,0.7488372093023257,0.7488372093023257,0.7488372093023257,0.5962877030162412,0.6211453744493393,0.4963503649635037,0.3592592592592593,0.5381679389312977,0.17829457364341084,0.3333333333333333,0.3333333333333333,0.3333333333333333,0.46153846153846156,0.375,0.6666666666666666,0.5625,0.2857142857142857,0.3333333333333333,0.03125,0.03125,0.03125,0.22033898305084743,0.2631578947368421,0.3333333333333333,0.02521008403361341,0.19230769230769232,0.1764705882352941,0.0,0.5016313213703101,0.5016313213703101,0.5016313213703101,0.8851865266207891,0.7741379310344828,0.8413132694938443,0.8738259236067625,0.7042889390519187,0.4030354131534569,0.2400000000000001,0.06985074626865673,0.08069620253164558,0.39721254355400704,0.4606286959228136,0.7889908256880733,0.24955951906646667,0.5606694560669456,0.15895183958227807,0.2925541982338595,0.47558320791227693,0.8702707617564718,0.05923807468163177
18.9,0.0,0.45945945945945965,0.0,0.0625,0.6309523809523809,0.0,0.0,0.0,0.8365384615384616,0.25,0.4444444444444444,0.3333333333333333,0.3333333333333333,0.3333333333333333,0.5,0.6666666666666666,0.0,0.5,0.6666666666666666,0.0,0.25,0.25,0.25,1.0,1.0,0.5,0.888888888888889,0.6666666666666666,0.0,0.713855421686747,0.713855421686747,0.713855421686747,0.17048710601719186,0.4064748201438849,0.17407407407407408,0.40903225806451615,0.21316614420062696,0.2248803827751196,0.16744186046511628,0.16744186046511628,0.16744186046511628,0.5406032482598608,0.709251101321586,0.26277372262773724,0.5851851851851851,0.6145038167938931,0.3798449612403101,0.5,0.5,0.5,0.23076923076923078,0.25,0.3333333333333333,0.5,0.4285714285714285,0.3333333333333333,0.25,0.25,0.25,0.4745762711864405,0.736842105263158,0.2857142857142857,0.4873949579831933,0.5384615384615385,0.3529411764705882,1.0,0.1655791190864599,0.16557911908645995,0.16557911908645995,0.6095617529880478,0.7568965517241381,0.2777017783857728,0.6894176581089542,0.7042889390519187,0.3423271500843169,0.4600000000000001,0.022089552238805973,0.007911392405063292,0.4825396825396826,0.2901960784313726,0.7816300405376573,0.5416533911805579,0.41872628198890727,0.08114539217438019,0.73017958826106,0.371486930614,0.8696246374058156,0.0
15.96,1.0,0.3783783783783785,0.4032258064516129,0.3125,0.8928571428571428,0.5,0.0,0.48010610079575594,0.6634615384615384,0.0,0.5333333333333333,0.0,0.0,0.0,0.16666666666666666,0.3333333333333333,0.0,0.2,0.3333333333333333,0.0,0.0,0.0,0.0,0.3333333333333333,0.25,0.0,0.4444444444444445,0.3333333333333333,0.0,0.5512048192771084,0.5512048192771084,0.5512048192771084,0.330945558739255,0.2158273381294964,0.6555555555555556,0.5212903225806452,0.13793103448275867,0.8468899521531101,0.17674418604651165,0.17674418604651165,0.17674418604651165,0.18097447795823668,0.16740088105726875,0.2773722627737226,0.059259259259259234,0.1450381679389313,0.0,0.3333333333333333,0.3333333333333333,0.3333333333333333,0.6153846153846154,0.625,0.6666666666666666,0.5625,0.5714285714285714,0.3333333333333333,0.875,0.875,0.875,0.4576271186440678,0.631578947368421,0.2857142857142857,0.31092436974789905,0.46153846153846156,0.3529411764705882,1.0,0.3442088091353997,0.34420880913539964,0.34420880913539964,0.42049981890619315,0.47327586206896566,0.2777017783857728,0.7467125860989354,0.7042889390519187,0.3423271500843169,0.5800000000000001,0.02567164179104478,0.020569620253164556,0.0,0.0,0.5471600865890114,0.0,0.31773306379577826,0.08096271730204904,,,,
34.98,0.0,0.5405405405405408,0.9677419354838709,0.0625,0.6785714285714285,0.0,0.25,0.9999999999999998,0.3028846153846154,0.25,0.5333333333333333,0.3333333333333333,0.3333333333333333,0.3333333333333333,0.16666666666666666,0.3333333333333333,0.0,0.2,0.3333333333333333,0.0,0.0,0.0,0.0,0.16666666666666666,0.25,0.0,0.22222222222222224,0.16666666666666666,0.0,0.8493975903614458,0.8493975903614458,0.8493975903614458,0.48137535816618904,0.5683453237410073,0.6777777777777778,0.6103225806451614,0.35423197492163017,0.8468899521531101,0.7069767441860466,0.7069767441860466,0.7069767441860466,0.3990719257540603,0.5814977973568283,0.2773722627737226,0.26296296296296284,0.5038167938931297,0.27906976744186046,0.0,0.0,0.0,0.15384615384615385,0.125,0.0,0.5,0.5714285714285714,0.0,1.0,1.0,1.0,1.0,0.736842105263158,0.8095238095238095,0.4873949579831933,0.5384615384615385,0.3529411764705882,0.0,0.2243066884176182,0.22430668841761825,0.22430668841761825,0.29735603042375947,0.306896551724138,0.2777017783857728,0.5309956167814651,0.6817155756207676,0.3423271500843169,0.52,0.3743283582089552,0.2286392405063291,1.0,1.0,0.5248139854077872,0.5005311151925371,0.6137943531117187,0.09040523419362231,0.31920312778832266,0.32548917223307294,0.2069921646038034,0.18056878122138842
29.22,1.0,0.8918918918918921,0.6612903225806451,0.75,,0.0,0.0,0.7506631299734747,0.24519230769230768,0.5,0.4666666666666667,0.0,0.0,0.0,0.16666666666666666,0.3333333333333333,0.0,0.1,0.3333333333333333,0.0,0.25,0.25,0.25,0.5,0.5,0.0,0.4444444444444445,0.3333333333333333,0.0,0.0,0.0,0.0,0.11891117478510016,0.38129496402877705,0.0,0.0,0.19122257053291536,0.0,0.6046511627906976,0.6046511627906976,0.6046511627906976,0.6032482598607889,0.48458149779735693,0.5328467153284672,0.3345679012345679,0.41984732824427473,0.24806201550387597,0.3333333333333333,0.3333333333333333,0.3333333333333333,0.23076923076923078,0.25,0.0,0.6875,0.5714285714285714,0.0,0.34375,0.34375,0.34375,0.830508474576271,0.631578947368421,0.8095238095238095,0.30252100840336127,0.46153846153846156,0.0,0.0,0.9999999999999998,0.9999999999999999,0.9999999999999999,0.6678739587106118,1.0,0.3761969904240767,0.6192861615529115,1.0,0.3423271500843169,0.54,0.28776119402985073,0.04113924050632911,0.20178143199725934,0.10882352941176471,0.7896748100456484,0.3812154696132597,0.47085031499426977,0.0,0.28630938859415817,0.2850999784992474,0.3924900909961788,0.5935678825814806
23.98,0.0,0.945945945945946,0.9516129032258064,0.5,0.5238095238095237,0.0,1.0,0.6551724137931034,0.3125,0.0,0.37777777777777777,0.3333333333333333,0.3333333333333333,0.3333333333333333,0.5,0.6666666666666666,0.0,0.4,0.6666666666666666,0.0,0.25,0.25,0.25,0.5,0.25,0.5,0.4444444444444445,0.16666666666666666,0.0,0.8554216867469879,0.8554216867469879,0.8554216867469879,0.18767908309455583,0.5755395683453238,0.2962962962962963,0.3238709677419357,0.3605015673981192,0.3827751196172249,0.47441860465116276,0.47441860465116276,0.47441860465116276,0.8538283062645011,1.0,0.5766423357664233,0.6814814814814815,0.866412213740458,0.3798449612403101,0.0,0.0,0.0,0.07692307692307693,0.125,0.0,0.1875,0.14285714285714285,0.0,0.90625,0.90625,0.90625,0.847457627118644,0.736842105263158,0.3333333333333333,0.6554621848739497,0.5384615384615385,0.4117647058823529,0.0,0.7650897226753668,0.7650897226753671,0.7650897226753671,0.8547627671133645,1.0,0.3761969904240767,0.7204132748904195,1.0,0.3423271500843169,0.52,0.19761194029850748,0.4533227848101266,0.2688679245283019,0.27637721755368816,0.4756467299287317,0.5630694057253834,0.5733295023973279,0.3687665866535918,0.3211161402313395,0.3023773689221979,0.22971302089061213,0.25337928987696956
16.94,0.0,1.0,0.7903225806451611,0.375,0.40476190476190477,0.0,0.0,0.22811671087533153,0.6730769230769231,0.25,0.37777777777777777,0.3333333333333333,0.3333333333333333,0.3333333333333333,0.5,0.6666666666666666,0.0,0.3,0.6666666666666666,0.0,0.25,0.25,0.25,0.5,0.25,0.5,0.7777777777777778,0.3333333333333333,1.0,0.9939759036144579,0.9939759036144579,0.9939759036144579,0.7263610315186244,0.7410071942446043,0.8333333333333334,0.686451612903226,0.5047021943573667,0.49282296650717705,0.3302325581395349,0.3302325581395349,0.3302325581395349,0.4965197215777262,0.7665198237885463,0.06569343065693431,0.5209876543209876,0.66412213740458,0.1705426356589147,0.6666666666666666,0.6666666666666666,0.6666666666666666,0.6153846153846154,0.5,0.3333333333333333,0.8125,0.7142857142857143,0.0,0.5625,0.5625,0.5625,0.8813559322033897,0.736842105263158,0.9523809523809523,0.6134453781512605,0.5384615384615385,0.5882352941176471,0.0,0.5513866231647631,0.5513866231647635,0.5513866231647635,0.9999999999999999,1.0,0.9247606019151848,0.86850344395742,1.0,0.46374367622259693,0.56,0.1970149253731343,0.4161392405063291,0.3253076511503478,0.42432031636183887,0.2262996941896025,0.9616872825976056,0.4582264813065191,0.3440889783799763,0.28552656279331706,0.38216118044427116,0.3277612615146539,0.20377188999874507
15.14,1.0,0.7027027027027026,0.9999999999999999,0.5625,0.2857142857142857,0.0,0.25,0.48010610079575594,0.5240384615384616,1.0,0.3555555555555556,0.6666666666666666,0.6666666666666666,0.6666666666666666,0.3333333333333333,0.6666666666666666,0.0,0.4,0.6666666666666666,0.0,0.25,0.25,0.25,0.8333333333333334,1.0,0.0,0.888888888888889,0.6666666666666666,0.0,0.37349397590361444,0.37349397590361444,0.37349397590361444,0.0,0.0,0.2666666666666667,0.23096774193548397,0.420062695924765,0.3444976076555024,0.386046511627907,0.386046511627907,0.386046511627907,0.7215777262180973,0.8149779735682819,0.6058394160583942,0.5469135802469135,0.7061068702290075,0.37209302325581395,0.3333333333333333,0.3333333333333333,0.3333333333333333,0.23076923076923078,0.125,0.3333333333333333,0.4375,0.2857142857142857,0.3333333333333333,0.875,0.875,0.875,0.6949152542372881,0.631578947368421,0.14285714285714285,0.5798319327731092,0.46153846153846156,0.1764705882352941,0.0,0.2642740619902115,0.2642740619902121,0.2642740619902121,0.6733067729083667,0.7517241379310345,0.4432284541723668,0.8378209142141515,1.0,0.46374367622259693,0.52,0.17373134328358208,0.8568037974683544,0.344671201814059,0.19040319710946269,0.39272946547788257,0.5785827485092463,0.606193647239083,0.8010799284590205,0.32017904073587383,0.3695633672750605,0.2881127218153007,0.19494023464637475
17.26,1.0,0.945945945945946,0.6612903225806451,0.5,,1.0,0.5,0.3952254641909814,0.27884615384615385,0.75,0.13333333333333336,0.0,0.0,0.0,0.16666666666666666,0.3333333333333333,0.0,0.3,0.3333333333333333,0.0,0.25,0.25,0.25,0.5,0.25,0.5,0.7777777777777778,0.5,1.0,0.6054216867469879,0.6054216867469879,0.6054216867469879,0.3424068767908308,0.31294964028776984,0.5185185185185185,0.567741935483871,0.39811912225705337,0.5885167464114832,0.15813953488372096,0.15813953488372096,0.15813953488372096,0.12761020881670532,0.1101321585903084,0.24817518248175183,0.1518518518518518,0.2748091603053435,0.2248062015503876,0.0,0.0,0.0,0.5384615384615384,0.625,0.0,0.875,0.5714285714285714,0.0,0.875,0.875,0.875,0.7457627118644068,0.631578947368421,0.7619047619047619,0.5378151260504203,0.46153846153846156,0.7647058823529411,0.0,0.19086460032626346,0.1908646003262643,0.1908646003262643,0.41832669322709204,0.5258620689655175,0.32010943912448697,0.8249843456480903,1.0,0.39460370994940963,0.54,0.1355223880597015,0.2911392405063291,0.45238095238095244,0.31423207580904705,0.4602362005170053,0.6808503210109216,0.6957280565893804,0.3473824121824722,0.3142064534968608,0.34271822320798767,0.5885605448704001,0.2193771355505823
15.92,0.0,0.810810810810811,0.29032258064516125,0.1875,0.75,0.0,0.0,0.1538461538461538,0.0,0.75,0.06666666666666665,0.0,0.0,0.0,0.0,0.0,0.0,0.1,0.3333333333333333,0.0,0.25,0.25,0.25,0.3333333333333333,0.25,0.0,0.22222222222222224,0.16666666666666666,0.0,0.7018072289156627,0.7018072289156627,0.7018072289156627,0.3051575931232091,0.3920863309352518,0.2592592592592593,0.2683870967741938,0.20062695924764895,0.33492822966507174,0.20465116279069767,0.20465116279069767,0.20465116279069767,0.29002320185614855,0.3700440528634361,0.27007299270072993,0.37530864197530855,0.4999999999999999,0.3875968992248062,0.3333333333333333,0.3333333333333333,0.3333333333333333,0.6153846153846154,0.5,0.6666666666666666,0.4375,0.4285714285714285,0.0,0.4375,0.4375,0.4375,0.3389830508474576,0.2631578947368421,0.6190476190476191,0.31092436974789905,0.19230769230769232,0.7647058823529411,0.0,0.277324632952691,0.2773246329526917,0.2773246329526917,0.2966316551973929,0.23620689655172422,0.32010943912448697,0.5475892298058862,0.6749435665914223,0.39460370994940963,0.7000000000000001,0.1647761194029851,0.39319620253164556,0.42577030812324934,0.30168899242865466,0.5641197348155091,0.6161802955559258,0.48187398833338446,0.4184705446525692,0.2834233708083905,0.3162609862263546,0.41336144209633474,0.28032592272825374
16.18,1.0,0.756756756756757,0.5161290322580645,0.5625,,1.0,0.5,0.5358090185676392,0.3028846153846154,0.5,0.13333333333333336,0.0,0.0,0.0,0.3333333333333333,0.6666666666666666,0.0,0.3,0.6666666666666666,0.0,0.25,0.25,0.25,0.6666666666666666,0.5,0.5,0.888888888888889,0.5,1.0,0.29819277108433734,0.29819277108433734,0.29819277108433734,0.3825214899713467,0.5467625899280576,0.3666666666666667,0.5406451612903228,0.335423197492163,0.4736842105263158,0.5395348837209302,0.5395348837209302,0.5395348837209302,0.691415313225058,0.46696035242290757,0.8467153284671532,0.6580246913580245,0.4885496183206106,1.0,0.8333333333333333,0.8333333333333333,0.8333333333333333,0.9230769230769232,0.625,1.0,1.0,0.5714285714285714,0.6666666666666666,0.34375,0.34375,0.34375,0.7966101694915255,0.6842105263157894,0.8095238095238095,0.588235294117647,0.5,0.9411764705882353,0.0,0.22267536704730756,0.22267536704730828,0.22267536704730828,0.2781600869250278,0.23620689655172422,0.32010943912448697,0.339386349405135,0.379232505643341,0.39460370994940963,0.4600000000000001,0.17970149253731343,0.43670886075949367,0.4976190476190477,0.23402909550917142,0.45892601632859187,0.0590182543862392,0.4092357299143987,0.2863102227554962,0.25399859302618827,0.3265404930465579,0.2909382499318063,0.3283012319972237
25.36,0.0,0.5405405405405408,0.5806451612903225,0.0625,0.25,0.0,0.0,0.5013262599469495,0.08173076923076925,0.0,0.5111111111111112,0.3333333333333333,0.3333333333333333,0.3333333333333333,0.3333333333333333,0.3333333333333333,0.0,0.4,0.6666666666666666,0.0,0.5,0.5,0.5,1.0,0.5,1.0,0.888888888888889,0.3333333333333333,1.0,0.45783132530120485,0.45783132530120485,0.45783132530120485,0.20630372492836668,0.14748201438848918,0.5185185185185185,0.42838709677419373,0.35423197492163017,0.5933014354066986,0.3116279069767442,0.3116279069767442,0.3116279069767442,0.37819025522041766,0.30396475770925113,0.489051094890511,0.4061728395061728,0.39312977099236635,0.6201550387596899,0.0,0.0,0.0,0.23076923076923078,0.375,0.0,0.4375,0.2857142857142857,0.0,0.15625,0.15625,0.15625,0.13559322033898302,0.28947368421052627,0.2857142857142857,0.4369747899159664,0.46153846153846156,0.3529411764705882,0.0,0.23327895595432208,0.23327895595432302,0.23327895595432302,0.2969938428105766,0.23620689655172422,0.37346101231190154,0.2172824045084536,0.0,0.39460370994940963,0.92,0.23582089552238805,0.9533227848101267,0.32478632478632485,0.2928342245989305,0.3526397784317119,0.6135449457829059,0.5832872819136339,0.8139546039395681,0.34357466157728966,0.3868612530454374,0.07073802955884628,0.12146679496362439
16.36,1.0,0.5405405405405408,0.12903225806451613,0.125,,0.5,0.0,0.24933687002652521,0.5480769230769231,0.75,0.4444444444444444,0.0,0.0,0.0,0.3333333333333333,0.6666666666666666,0.0,0.2,0.6666666666666666,0.0,0.0,0.0,0.0,0.3333333333333333,0.5,0.0,0.888888888888889,1.0,0.0,0.09036144578313253,0.09036144578313253,0.09036144578313253,0.3610315186246418,0.7410071942446043,0.11111111111111113,0.5290322580645163,0.5047021943573667,0.14354066985645933,1.0,1.0,1.0,0.7099767981438516,0.8590308370044054,0.5328467153284672,0.5444444444444443,0.7442748091603053,0.48062015503875966,0.0,0.0,0.0,0.07692307692307693,0.25,0.0,0.0,0.14285714285714285,0.0,0.34375,0.34375,0.34375,0.6440677966101696,0.5526315789473684,0.8095238095238095,0.3529411764705882,0.40384615384615385,0.0,0.0,0.6076672104404559,0.6076672104404569,0.6076672104404569,0.4436798261499463,0.5853448275862071,0.37346101231190154,0.34909204758922985,0.4571106094808126,0.39460370994940963,0.14,0.22507462686567165,0.06566455696202532,0.5085158150851582,0.373109243697479,0.44362815366972475,0.5606351529986415,0.6712375784518829,0.026115657245205197,0.3602861731639655,0.3657278004730165,0.07011161483048436,0.11805405664676111
29.24,0.0,0.7297297297297298,0.6612903225806451,0.0625,0.47619047619047616,0.0,0.0,0.586206896551724,0.2932692307692307,0.25,0.5333333333333333,0.3333333333333333,0.3333333333333333,0.3333333333333333,0.5,0.6666666666666666,0.0,0.3,0.6666666666666666,0.0,0.25,0.25,0.25,0.5,0.5,0.0,0.888888888888889,0.6666666666666666,0.0,0.677710843373494,0.677710843373494,0.677710843373494,0.5114613180515757,0.5467625899280576,0.6259259259259259,0.6761290322580645,0.335423197492163,0.784688995215311,0.0,0.0,0.0,0.3109048723897912,0.5066079295154186,0.0,0.2012345679012345,0.43893129770992356,0.10077519379844962,0.5,0.5,0.5,0.3846153846153847,0.375,0.0,0.5625,0.2857142857142857,0.0,0.125,0.125,0.125,0.5254237288135593,0.5263157894736843,0.47619047619047616,0.26050420168067223,0.3846153846153847,0.4117647058823529,0.0,0.24061990212071688,0.2406199021207177,0.2406199021207177,0.4516479536399859,0.5853448275862071,0.3912448700410396,0.3681903569192235,0.4571106094808126,0.4603709949409779,0.68,0.17194029850746267,0.3805379746835443,0.31101190476190477,0.1929092805005214,0.875788925759646,0.347303664034166,0.6755096590403276,0.2963629508931036,0.0,0.33887366585213846,0.43629576746716936,0.28122191375091943
20.26,1.0,0.6216216216216219,0.5161290322580645,0.625,,0.0,0.0,0.3952254641909814,0.14423076923076925,0.25,0.37777777777777777,0.3333333333333333,0.3333333333333333,0.3333333333333333,0.16666666666666666,0.3333333333333333,0.0,0.1,0.3333333333333333,0.0,0.0,0.0,0.0,0.3333333333333333,0.25,0.0,0.22222222222222224,0.16666666666666666,0.0,0.5090361445783133,0.5090361445783133,0.5090361445783133,0.24498567335243548,0.40287769784172667,0.2925925925925926,0.5470967741935485,0.36677115987460807,0.37799043062200954,0.8,0.8,0.8,0.8306264501160094,0.669603524229075,0.8175182481751825,0.7308641975308641,0.7137404580152671,0.6201550387596899,0.5,0.5,0.5,0.3076923076923077,0.25,0.3333333333333333,0.3125,0.14285714285714285,0.3333333333333333,0.65625,0.65625,0.65625,0.7627118644067796,0.5526315789473684,0.8095238095238095,0.9579831932773109,1.0,1.0,0.0,0.7659053833605212,0.7659053833605219,0.7659053833605219,0.6881564650488955,0.7525862068965518,0.4035567715458275,0.5557294927989982,0.6760722347629797,0.4603709949409779,0.0,0.16238805970149253,0.3014240506329114,0.48809523809523814,0.19864612511671337,0.2601717647589207,0.37816880824918775,0.5378470901483454,0.3078994418994547,0.3076254678446916,0.2850999784992474,0.40128645402455937,0.24310475886598032
25.08,0.0,0.5405405405405408,0.29032258064516125,0.0,0.20238095238095238,0.0,0.25,0.5755968169761272,0.1730769230769231,0.25,0.4444444444444444,0.3333333333333333,0.3333333333333333,0.3333333333333333,0.16666666666666666,0.3333333333333333,0.0,0.3,0.3333333333333333,0.0,0.0,0.0,0.0,0.16666666666666666,0.25,0.0,0.22222222222222224,0.16666666666666666,0.0,0.3795180722891566,0.3795180722891566,0.3795180722891566,0.24498567335243548,0.4640287769784174,0.38888888888888884,0.3664516129032259,0.2633228840125392,0.5023923444976076,0.33488372093023255,0.33488372093023255,0.33488372093023255,0.38747099767981447,0.3303964757709251,0.43795620437956206,0.382716049382716,0.3396946564885496,0.5658914728682171,0.0,0.0,0.0,0.3076923076923077,0.375,0.0,0.375,0.2857142857142857,0.0,0.875,0.875,0.875,0.8135593220338981,0.631578947368421,0.8095238095238095,0.5630252100840336,0.46153846153846156,1.0,0.0,0.3996737357259375,0.3996737357259381,0.3996737357259381,0.5957986236870702,0.7525862068965518,0.4035567715458275,0.6236693800876643,0.6760722347629797,0.4822934232715007,0.52,0.1743283582089552,0.17484177215189872,0.2985714285714286,0.31092436974789917,0.4915024815761768,0.39609839369185884,0.37032718293435773,0.14585400845513502,0.4371927775344332,0.41410449365727797,0.49746235129855254,0.4347554979974577
27.0,0.0,0.5675675675675675,0.6612903225806451,0.1875,0.0,0.0,0.0,0.4774535809018567,0.47115384615384615,0.5,0.6,0.3333333333333333,0.3333333333333333,0.3333333333333333,0.3333333333333333,0.3333333333333333,0.0,0.3,0.3333333333333333,0.0,0.0,0.0,0.0,0.3333333333333333,0.5,0.0,0.3333333333333333,0.3333333333333333,0.0,0.22891566265060243,0.22891566265060243,0.22891566265060243,0.37535816618911166,0.81294964028777,0.28148148148148144,0.46193548387096783,0.5673981191222571,0.36363636363636365,0.6046511627906976,0.6046511627906976,0.6046511627906976,0.7563805104408352,0.5991189427312776,0.7299270072992701,0.5493827160493827,0.5190839694656488,0.5193798449612403,0.6666666666666666,0.6666666666666666,0.6666666666666666,0.6153846153846154,0.375,1.0,0.8125,0.2857142857142857,1.0,0.125,0.125,0.125,0.4237288135593219,0.5789473684210527,0.47619047619047616,0.23529411764705876,0.42307692307692313,0.5882352941176471,0.0,0.5962479608482865,0.596247960848287,0.596247960848287,0.7537124230351323,0.7525862068965518,0.6703146374829003,0.7629931120851596,0.6760722347629797,0.49747048903878566,0.52,0.24238805970149252,0.3971518987341772,0.5777934936350779,0.2575333163568458,0.6376570740558598,0.5896236540916744,0.4800423823850146,0.24350063949681675,0.29788539265054254,0.335019643135915,0.4248356396436752,0.2827892513762176
29.86,1.0,0.6756756756756759,0.16129032258064513,0.4375,,0.0,0.0,0.43501326259946943,0.3653846153846154,1.0,0.28888888888888886,0.0,0.0,0.0,0.16666666666666666,0.3333333333333333,0.0,0.1,0.3333333333333333,0.0,0.75,0.75,0.75,0.8333333333333334,0.75,0.5,1.0,0.5,1.0,0.8343373493975904,0.8343373493975904,0.8343373493975904,0.5257879656160458,0.5503597122302158,0.6259259259259259,0.6606451612903227,0.3385579937304075,0.8086124401913876,0.39069767441860465,0.39069767441860465,0.39069767441860465,0.14617169373549888,0.28193832599118945,0.1240875912408759,0.11234567901234566,0.24427480916030533,0.1937984496124031,0.5,0.5,0.5,0.5384615384615384,0.375,0.6666666666666666,0.5,0.2857142857142857,0.3333333333333333,0.53125,0.53125,0.53125,0.5593220338983049,0.4210526315789473,0.6666666666666666,0.3445378151260504,0.3076923076923077,0.47058823529411764,0.0,0.674551386623164,0.6745513866231648,0.6745513866231648,0.7131474103585659,0.6560344827586208,0.6703146374829003,0.7886662492172822,0.6760722347629797,0.49747048903878566,0.52,0.34567164179104476,0.25,0.5223367697594502,0.3587588881706529,0.8303651735923727,0.22291740783867975,0.4683731233079007,0.09237119801930077,0.31632355088334063,0.3568660038236473,0.44897251145267697,0.3278173489699498
23.52,1.0,0.7027027027027026,0.5161290322580645,0.3125,,0.0,0.25,0.5835543766578248,0.4567307692307693,1.0,0.7777777777777779,0.0,0.0,0.0,0.6666666666666666,1.0,0.0,0.5,1.0,0.0,0.75,0.75,0.75,0.5,0.75,0.0,0.4444444444444445,0.5,0.0,0.43975903614457834,0.43975903614457834,0.43975903614457834,0.3037249283667621,0.2769784172661871,0.5407407407407407,0.3045161290322581,0.10031347962382442,0.4832535885167464,0.4837209302325582,0.4837209302325582,0.4837209302325582,0.9048723897911832,0.9030837004405287,0.7591240875912408,0.7617283950617284,0.782442748091603,0.9069767441860466,0.6666666666666666,0.6666666666666666,0.6666666666666666,0.46153846153846156,0.375,0.6666666666666666,0.3125,0.2857142857142857,0.0,0.25,0.25,0.25,0.8644067796610169,0.7105263157894737,0.6666666666666666,0.6890756302521008,0.5192307692307693,0.8235294117647058,0.0,0.7911908646003256,0.7911908646003264,0.7911908646003264,0.8869974646867077,0.7793103448275863,1.0,1.0,0.7110609480812642,0.8263069139966274,0.42000000000000004,0.22149253731343282,0.12420886075949367,0.24675324675324678,0.16394194041252866,0.30025020850708917,0.28453679928106257,0.240908264011775,0.07112065728329123,0.2478220664817248,0.3203880172941331,0.46409659100716705,0.24063378412240022
19.36,1.0,0.5135135135135136,0.09677419354838707,0.8125,0.34523809523809523,0.0,0.0,0.3819628647214854,0.5961538461538461,0.25,0.3111111111111111,1.0,1.0,1.0,0.5,1.0,0.0,0.3,1.0,0.0,0.25,0.25,0.25,0.16666666666666666,0.25,0.0,0.22222222222222224,0.16666666666666666,0.0,0.6054216867469879,0.6054216867469879,0.6054216867469879,0.3094555873925501,0.2769784172661871,0.5407407407407407,0.49290322580645174,0.10031347962382442,0.6985645933014354,0.5813953488372092,0.5813953488372092,0.5813953488372092,0.5754060324825987,0.46696035242290757,0.416058394160584,0.437037037037037,0.4045801526717556,0.5426356589147286,0.3333333333333333,0.3333333333333333,0.3333333333333333,0.46153846153846156,0.375,0.6666666666666666,0.625,0.2857142857142857,0.6666666666666666,0.125,0.125,0.125,0.1694915254237288,0.4473684210526316,0.14285714285714285,0.2857142857142857,0.326923076923077,0.1764705882352941,0.0,0.1721044045676992,0.17210440456769982,0.17210440456769982,0.6334661354581671,0.7181034482758623,0.2886456908344732,0.6765810895428934,0.7990970654627543,0.0809443507588532,0.42000000000000004,0.22149253731343282,0.12420886075949367,0.24675324675324678,0.16394194041252866,0.30025020850708917,0.28453679928106257,0.240908264011775,0.07112065728329123,0.2478220664817248,0.3203880172941331,0.46409659100716705,0.24063378412240022
17.54,0.0,0.5945945945945947,0.8870967741935484,0.25,0.34523809523809523,0.0,0.0,0.2546419098143236,0.5721153846153846,0.25,0.4444444444444444,0.3333333333333333,0.3333333333333333,0.3333333333333333,0.3333333333333333,0.3333333333333333,0.0,0.4,0.6666666666666666,0.0,0.0,0.0,0.0,0.16666666666666666,0.25,0.0,0.11111111111111112,0.16666666666666666,0.0,0.6596385542168675,0.6596385542168675,0.6596385542168675,0.15472779369627498,0.34172661870503596,0.15925925925925924,0.5638709677419355,0.4043887147335422,0.20574162679425836,0.5720930232558139,0.5720930232558139,0.5720930232558139,0.7494199535962875,0.6872246696035244,0.6131386861313869,0.5469135802469135,0.5954198473282442,0.6821705426356589,0.5,0.5,0.5,0.15384615384615385,0.25,0.0,0.1875,0.14285714285714285,0.0,0.5,0.5,0.5,0.6101694915254237,0.4473684210526316,0.8095238095238095,0.46218487394957986,0.326923076923077,1.0,0.0,0.5326264274061983,0.532626427406199,0.532626427406199,0.8587468308583847,0.7793103448275863,0.8932968536251711,0.910457107075767,0.7110609480812642,0.8263069139966274,0.56,0.8961194029850745,0.3188291139240506,0.6740476190476191,0.4265244559362207,0.6891613018999124,0.5162780056265465,0.7804114535912676,0.04040085616360271,0.2537456807295951,0.3250672652047494,0.48317380085250294,0.15834394056454001
14.54,1.0,0.5405405405405408,0.7903225806451611,0.125,0.4642857142857143,0.0,0.25,0.4668435013262599,0.22596153846153846,1.0,0.0888888888888889,0.3333333333333333,0.3333333333333333,0.3333333333333333,0.5,0.6666666666666666,0.0,0.4,0.6666666666666666,0.0,0.25,0.25,0.25,0.3333333333333333,0.25,0.0,0.22222222222222224,0.16666666666666666,0.0,0.3433734939759036,0.3433734939759036,0.3433734939759036,0.1418338108882521,0.21223021582733814,0.42222222222222217,0.263225806451613,0.056426332288401215,0.5454545454545454,0.39999999999999997,0.39999999999999997,0.39999999999999997,0.7215777262180973,0.5682819383259913,0.6277372262773723,0.5222222222222221,0.49236641221374045,0.5736434108527132,0.5,0.5,0.5,0.5384615384615384,0.375,0.6666666666666666,0.75,0.4285714285714285,0.6666666666666666,0.3125,0.3125,0.3125,0.4915254237288136,0.34210526315789475,0.7619047619047619,0.37815126050420167,0.25,0.9411764705882353,0.0,0.28874388254486055,0.2887438825448613,0.2887438825448613,0.6874320898225282,0.7793103448275863,0.484268125854993,0.8678772698810269,0.7110609480812642,0.5969645868465429,0.28,0.4555223880597015,0.5474683544303798,0.5323939099449304,0.6150895140664963,0.9346764471506507,0.7589212766621454,0.7660072126808997,0.25037047103790283,0.22790551255531163,0.2704274869400648,0.6760346923983571,0.1650869551581833
18.1,0.0,0.5945945945945947,0.7258064516129031,0.3125,0.2738095238095238,0.0,0.0,0.5172413793103448,0.16346153846153846,0.5,0.3555555555555556,0.6666666666666666,0.6666666666666666,0.6666666666666666,0.6666666666666666,0.6666666666666666,0.5,0.6,0.6666666666666666,0.5,0.5,0.5,0.5,0.5,0.5,0.0,0.888888888888889,0.5,0.0,1.0000000000000002,1.0000000000000002,1.0000000000000002,0.6432664756446991,0.748201438848921,0.674074074074074,0.743225806451613,0.5109717868338558,0.69377990430622,0.46511627906976744,0.46511627906976744,0.46511627906976744,0.47331786542923443,0.35242290748898686,0.46715328467153283,0.411111111111111,0.3129770992366412,0.5968992248062015,0.3333333333333333,0.3333333333333333,0.3333333333333333,0.46153846153846156,0.375,0.6666666666666666,0.3125,0.2857142857142857,0.0,0.5625,0.5625,0.5625,0.6949152542372881,0.631578947368421,0.6190476190476191,0.4789915966386554,0.46153846153846156,0.7647058823529411,0.0,0.16639477977161438,0.166394779771615,0.166394779771615,0.4099963781238686,0.5060344827586208,0.2790697674418604,0.7028804007514091,0.7110609480812642,0.3440134907251263,0.9400000000000001,0.5761194029850747,0.439873417721519,0.3652033730158731,0.2989657401422107,0.38116763969974976,1.0,0.4515785469760367,0.11428228187911696,0.4119037367060141,0.0,0.5538772018172132,0.28578528885025745
32.0,0.0,0.6216216216216219,0.6290322580645161,0.4375,0.6666666666666666,1.0,0.0,0.5305039787798409,0.9807692307692307,0.25,0.8444444444444446,0.0,0.0,0.0,0.3333333333333333,0.6666666666666666,0.0,0.2,0.6666666666666666,0.0,0.5,0.5,0.5,0.6666666666666666,0.5,0.5,0.888888888888889,0.5,1.0,0.5963855421686747,0.5963855421686747,0.5963855421686747,0.5358166189111746,0.49640287769784186,0.7333333333333333,0.8038709677419357,0.4764890282131661,0.6985645933014354,0.018604651162790697,0.018604651162790697,0.018604651162790697,0.3573085846867749,0.44493392070484583,0.029197080291970795,0.4037037037037037,0.3854961832061068,0.13178294573643412,0.6666666666666666,0.6666666666666666,0.6666666666666666,0.5384615384615384,0.5,0.0,0.8125,0.4285714285714285,0.0,0.25,0.25,0.25,0.830508474576271,1.0,0.6666666666666666,0.7731092436974789,0.7500000000000001,0.8235294117647058,0.0,0.3115823817292001,0.3115823817292007,0.3115823817292007,0.3118435349511054,0.2724137931034484,0.2790697674418604,0.563556668753914,0.7110609480812642,0.3440134907251263,0.6400000000000001,0.5056716417910447,0.9311708860759493,0.34447356924421146,0.27943835762152963,0.6845606233300322,0.7331966240721283,0.4598803568841663,0.3934757083871035,0.2685591248040783,0.584142135115574,0.5571974968082408,0.12768247511044892
18.72,1.0,0.7837837837837838,0.5161290322580645,0.25,0.5833333333333333,0.5,0.0,0.22015915119363388,1.0000000000000002,1.0,0.37777777777777777,0.0,0.0,0.0,0.16666666666666666,0.3333333333333333,0.0,0.2,0.3333333333333333,0.0,0.0,0.0,0.0,0.16666666666666666,0.25,0.0,0.3333333333333333,0.16666666666666666,0.0,0.49096385542168675,0.49096385542168675,0.49096385542168675,0.40257879656160456,0.45683453237410065,0.6037037037037037,0.7651612903225807,0.4858934169278998,0.7799043062200957,0.12558139534883722,0.12558139534883722,0.12558139534883722,0.2969837587006961,0.45374449339207057,0.19708029197080293,0.30987654320987656,0.39312977099236635,0.31007751937984496,0.5,0.5,0.5,0.23076923076923078,0.25,0.3333333333333333,0.375,0.4285714285714285,0.0,0.0,0.0,0.0,0.5762711864406778,0.5526315789473684,0.2857142857142857,0.6554621848739497,0.6730769230769231,0.3529411764705882,0.0,0.878466557911908,0.8784665579119088,0.8784665579119088,0.5737051792828688,0.8715517241379312,0.2790697674418604,0.5970569818409523,0.8318284424379234,0.3440134907251263,0.5800000000000001,0.39104477611940297,0.28955696202531644,0.3212932900432901,0.3345816587504567,0.6912321449309022,0.6124636505171168,0.5624172448493197,0.144160823640123,0.23105037231712658,0.30553457800775086,0.5266655242166897,0.17443301276670586
19.8,0.0,0.29729729729729737,0.6612903225806451,0.5625,0.7619047619047619,0.0,0.5,0.676392572944297,0.21153846153846154,0.25,0.20000000000000007,0.6666666666666666,0.6666666666666666,0.6666666666666666,0.3333333333333333,0.6666666666666666,0.0,0.4,0.6666666666666666,0.0,0.0,0.0,0.0,0.16666666666666666,0.25,0.0,0.3333333333333333,0.16666666666666666,0.0,0.3072289156626506,0.3072289156626506,0.3072289156626506,0.22492836676217753,0.2158273381294964,0.37777777777777777,0.4219354838709678,0.13479623824451414,0.4880382775119617,0.24651162790697673,0.24651162790697673,0.24651162790697673,0.21809744779582368,0.15418502202643175,0.33576642335766427,0.10864197530864189,0.13358778625954196,0.20930232558139533,0.6666666666666666,0.6666666666666666,0.6666666666666666,0.9230769230769232,0.875,0.6666666666666666,0.75,0.8571428571428571,0.3333333333333333,0.1875,0.1875,0.1875,0.22033898305084743,0.2368421052631579,0.5714285714285714,0.16806722689075626,0.19230769230769232,0.4117647058823529,1.0,0.33686786296900423,0.33686786296900484,0.33686786296900484,0.6494023904382474,0.8715517241379312,0.5225718194254447,0.5219160926737636,0.8318284424379234,0.3440134907251263,0.66,0.4053731343283582,0.17800632911392406,0.4589850538755649,0.35198985254479154,0.7972860266438248,0.7023735751010709,0.4844149969672984,0.0691415884322178,0.39712608362718493,0.3848097183401418,0.3611154766861963,0.16856350798840664
18.36,1.0,0.5405405405405408,0.6451612903225806,0.3125,0.2738095238095238,0.5,0.0,0.3156498673740053,0.423076923076923,0.25,0.33333333333333337,0.6666666666666666,0.6666666666666666,0.6666666666666666,0.3333333333333333,0.6666666666666666,0.0,0.3,0.6666666666666666,0.0,0.5,0.5,0.5,0.5,0.5,0.0,0.4444444444444445,0.3333333333333333,0.0,0.7259036144578314,0.7259036144578314,0.7259036144578314,0.28939828080229213,0.4208633093525179,0.3851851851851852,0.4864516129032258,0.22570532915360497,0.4976076555023924,0.05581395348837209,0.05581395348837209,0.05581395348837209,0.7192575406032484,0.8722466960352423,0.08759124087591239,0.5716049382716049,0.7557251908396946,0.1937984496124031,0.6666666666666666,0.6666666666666666,0.6666666666666666,0.3076923076923077,0.375,0.0,0.3125,0.2857142857142857,0.0,0.09375,0.09375,0.09375,0.6101694915254237,0.631578947368421,0.42857142857142855,0.5294117647058825,0.46153846153846156,0.5294117647058824,0.0,0.3809135399673728,0.38091353996737365,0.38091353996737365,0.6801883375588557,0.8715517241379312,0.5649794801641586,0.5572949279899815,0.8318284424379234,0.3440134907251263,0.4000000000000001,0.41313432835820896,1.0,0.5174963924963926,0.2516032728881026,0.4430072218586023,0.6214991030104525,0.45222182309400827,0.5433403198028769,0.2509981928042862,0.341416901871523,0.5031271490388056,0.22959283156232305
28.46,0.0,0.48648648648648685,0.4354838709677419,0.5625,,0.0,0.0,0.48010610079575594,0.5240384615384616,0.0,0.6888888888888889,0.0,0.0,0.0,0.16666666666666666,0.3333333333333333,0.0,0.1,0.3333333333333333,0.0,0.0,0.0,0.0,0.0,0.0,0.0,0.4444444444444445,0.5,0.0,0.9126506024096387,0.9126506024096387,0.9126506024096387,0.5530085959885387,0.643884892086331,0.5407407407407407,0.5587096774193551,0.420062695924765,0.5789473684210527,0.1906976744186047,0.1906976744186047,0.1906976744186047,0.009280742459396751,0.09251101321585903,0.051094890510948926,0.23209876543209873,0.49618320610687017,0.15503875968992248,0.5,0.5,0.5,1.0,1.0,1.0,0.9375,0.9999999999999999,0.6666666666666666,0.75,0.75,0.75,0.3389830508474576,0.5263157894736843,0.14285714285714285,0.30252100840336127,0.3846153846153847,0.1764705882352941,1.0,0.3221859706362145,0.32218597063621535,0.32218597063621535,0.4331763853676206,0.3456896551724139,0.5403556771545828,0.6170945522855356,0.8318284424379234,0.6441821247892076,0.54,0.40238805970149255,0.33781645569620256,0.53541289933695,0.38629997453526865,0.6413626518184189,0.6358677455703141,0.6564796665132326,0.141545404859695,0.27746085731708364,0.37595376813798237,0.6304964854455897,0.1981028599608299
17.38,1.0,0.9189189189189193,0.6774193548387096,0.5,0.4642857142857143,0.0,0.0,0.25729442970822275,0.3557692307692307,0.25,0.5111111111111112,0.0,0.0,0.0,0.0,0.0,0.0,0.3,0.6666666666666666,0.0,0.0,0.0,0.0,0.3333333333333333,0.5,0.0,0.22222222222222224,0.3333333333333333,0.0,0.6897590361445783,0.6897590361445783,0.6897590361445783,0.3094555873925501,0.3776978417266187,0.49629629629629624,0.7354838709677419,0.4137931034482759,0.6411483253588517,0.41395348837209306,0.41395348837209306,0.41395348837209306,0.8120649651972158,0.6519823788546256,0.6496350364963503,1.0,1.0,0.7906976744186046,0.3333333333333333,0.3333333333333333,0.3333333333333333,0.5384615384615384,0.5,0.6666666666666666,0.375,0.4285714285714285,0.0,0.46875,0.46875,0.46875,0.7118644067796609,0.6578947368421053,0.7619047619047619,1.0,0.8076923076923077,0.9411764705882353,0.0,0.7340946166394771,0.7340946166394781,0.7340946166394781,0.6095617529880478,0.7189655172413795,0.5403556771545828,0.7792736380713843,0.8318284424379234,0.6661045531197302,0.28,0.4250746268656716,0.44224683544303794,0.518583042973287,0.29740591888929485,0.8099173553719008,0.6840829746127512,0.6778934264670287,0.2258076077632842,0.39502875455174563,0.3295878045125518,0.35755693785108916,0.2719527876013953
25.24,1.0,0.9729729729729732,0.32258064516129026,0.0625,0.5476190476190476,0.0,0.0,0.506631299734748,0.34615384615384615,0.0,1.0,0.3333333333333333,0.3333333333333333,0.3333333333333333,0.16666666666666666,0.3333333333333333,0.0,0.1,0.3333333333333333,0.0,0.5,0.5,0.5,0.3333333333333333,0.5,0.0,0.22222222222222224,0.3333333333333333,0.0,0.8765060240963856,0.8765060240963856,0.8765060240963856,0.6103151862464182,0.6007194244604318,0.7296296296296296,0.6438709677419355,0.38244514106583083,0.3157894736842105,0.037209302325581395,0.037209302325581395,0.037209302325581395,0.19953596287703018,0.27753303964757714,0.05839416058394162,0.3641975308641975,0.7748091603053434,0.16279069767441862,0.6666666666666666,0.6666666666666666,0.6666666666666666,0.46153846153846156,0.375,0.6666666666666666,0.3125,0.2857142857142857,0.0,0.125,0.125,0.125,0.22033898305084743,0.2631578947368421,0.47619047619047616,0.3445378151260504,0.48076923076923084,0.5882352941176471,0.0,0.28221859706362046,0.2822185970636215,0.2822185970636215,0.5657370517928287,0.7189655172413795,0.4733242134062927,0.5504070131496557,0.6320541760722349,0.5834738617200673,0.42000000000000004,0.3188059701492537,0.2112341772151899,0.5112272551296942,0.3966966096783541,0.5751429629324885,0.6255016336913257,0.6318742143084977,0.10341821029656609,0.27649549217393493,0.37989214757651646,0.1477169574985978,0.21188955169191467
31.42,0.0,0.6216216216216219,0.3870967741935484,0.125,0.6666666666666666,0.5,0.0,0.48541114058355433,0.5240384615384616,0.0,0.7777777777777779,0.6666666666666666,0.6666666666666666,0.6666666666666666,0.8333333333333334,0.6666666666666666,0.5,0.8,0.6666666666666666,0.5,0.25,0.25,0.25,0.16666666666666666,0.25,0.0,0.3333333333333333,0.3333333333333333,0.0,0.39457831325301207,0.39457831325301207,0.39457831325301207,0.14326647564469897,0.17266187050359716,0.40740740740740744,0.4425806451612905,0.22570532915360497,0.5263157894736842,0.3953488372093023,0.3953488372093023,0.3953488372093023,0.5522041763341068,0.5506607929515419,0.4963503649635037,0.3851851851851852,0.47709923664122134,0.1937984496124031,0.16666666666666666,0.16666666666666666,0.16666666666666666,0.3846153846153847,0.375,0.3333333333333333,0.5,0.2857142857142857,0.3333333333333333,0.21875,0.21875,0.21875,0.6949152542372881,0.5263157894736843,0.6190476190476191,0.4957983193277311,0.3846153846153847,0.5294117647058824,0.0,0.6027732463295259,0.6027732463295269,0.6027732463295269,0.690329590727997,0.7189655172413795,0.4733242134062927,0.6524733876017537,0.6320541760722349,0.5834738617200673,0.54,0.30686567164179107,0.6265822784810127,0.268983268983269,0.23077926822903075,0.5191331759517112,0.6277770696024386,0.43427609905164677,0.4256334693865301,0.2798776979035153,0.38094845994972854,0.3601461054895588,0.23279782025798185
11.42,0.0,0.7837837837837838,0.9032258064516129,0.8125,0.5952380952380952,0.0,0.25,0.259946949602122,0.3125,1.0,0.20000000000000007,0.0,0.0,0.0,0.0,0.0,0.0,0.1,0.3333333333333333,0.0,0.0,0.0,0.0,0.0,0.0,0.0,0.11111111111111112,0.16666666666666666,0.0,0.5572289156626506,0.5572289156626506,0.5572289156626506,0.12034383954154726,0.21942446043165476,0.30740740740740746,0.6503225806451615,0.7053291536050156,0.3971291866028708,0.3116279069767442,0.3116279069767442,0.3116279069767442,0.5707656612529002,0.5638766519823789,0.489051094890511,0.4320987654320987,0.4885496183206106,0.6201550387596899,0.3333333333333333,0.3333333333333333,0.3333333333333333,0.3076923076923077,0.25,0.3333333333333333,0.4375,0.2857142857142857,0.3333333333333333,0.46875,0.46875,0.46875,0.7966101694915255,0.7105263157894737,0.9047619047619047,0.4957983193277311,0.5192307692307693,0.5294117647058824,0.0,0.8548123980424136,0.8548123980424146,0.8548123980424146,0.7439333574791739,0.8465517241379313,0.4733242134062927,0.8343769567939889,0.7990970654627543,0.5834738617200673,0.4600000000000001,0.4,0.27056962025316456,0.3881222943722944,0.30726643598615916,0.6605504587155963,0.3606207206180091,0.6119701655448428,0.10510836423134859,0.2812396251886095,0.34563277111012247,0.3308890735959617,0.2596309886402698
28.44,1.0,0.756756756756757,0.596774193548387,0.4375,0.8928571428571428,0.0,0.25,0.41379310344827586,0.4182692307692307,0.25,0.6222222222222222,1.0,1.0,1.0,0.8333333333333334,1.0,0.5,0.8,1.0,0.5,0.75,0.75,0.75,0.5,0.75,0.0,0.5555555555555556,0.5,0.0,0.8132530120481928,0.8132530120481928,0.8132530120481928,1.0,1.0,1.0000000000000002,1.0,0.7304075235109718,0.4545454545454546,0.27906976744186046,0.27906976744186046,0.27906976744186046,0.3109048723897912,0.2511013215859031,0.416058394160584,0.2777777777777777,0.25190839694656486,0.4496124031007752,1.0,1.0,1.0,0.6923076923076923,0.625,0.6666666666666666,0.6875,0.5714285714285714,0.0,0.125,0.125,0.125,0.8135593220338981,0.7105263157894737,0.47619047619047616,0.3613445378151261,0.5192307692307693,0.3529411764705882,0.0,0.03915171288743796,0.039151712887438794,0.039151712887438794,0.6360014487504527,0.8465517241379313,0.06566347469220235,0.7257357545397625,0.7990970654627543,0.0809443507588532,0.6000000000000001,0.5791044776119403,0.6977848101265822,0.9831072093641927,0.5979314802844216,0.6602847772842375,0.548800023593971,0.7014710615498212,0.23631794253871505,0.293243542330625,0.3519556968277673,0.3376824623347827,0.3092274125641352
24.82,1.0,0.5675675675675675,0.24193548387096775,0.3125,1.0,1.0,0.5,0.8037135278514587,0.25,0.75,0.4444444444444444,0.3333333333333333,0.3333333333333333,0.3333333333333333,0.16666666666666666,0.3333333333333333,0.0,0.2,0.3333333333333333,0.0,0.0,0.0,0.0,0.3333333333333333,0.5,0.0,0.4444444444444445,0.3333333333333333,0.0,0.33433734939759036,0.33433734939759036,0.33433734939759036,0.29799426934097406,0.37410071942446044,0.4111111111111111,0.43096774193548393,0.335423197492163,0.3253588516746412,0.3023255813953489,0.3023255813953489,0.3023255813953489,0.21113689095127613,0.1982378854625551,0.218978102189781,0.2925925925925926,0.41984732824427473,0.3333333333333333,0.3333333333333333,0.3333333333333333,0.3333333333333333,0.5384615384615384,0.5,0.6666666666666666,0.8125,0.5714285714285714,0.6666666666666666,0.21875,0.21875,0.21875,0.3389830508474576,0.28947368421052627,0.6190476190476191,0.26050420168067223,0.2692307692307693,0.4117647058823529,1.0,0.7332789559543222,0.7332789559543232,0.7332789559543232,0.6939514668598333,0.8465517241379313,0.06566347469220235,0.725422667501566,0.7990970654627543,0.0809443507588532,0.6200000000000001,1.0,0.42325949367088606,0.40785526809148864,0.2116375962149566,0.8960109483501444,0.6086935226926076,0.6979125731061746,0.0839658518330354,0.1426453739142743,0.3147132834834404,1.0,0.2390721776768734
14.68,0.0,0.756756756756757,0.6129032258064516,0.0,,0.0,0.5,0.3368700265251989,0.28846153846153844,0.75,0.20000000000000007,0.3333333333333333,0.3333333333333333,0.3333333333333333,0.6666666666666666,0.6666666666666666,0.5,0.5,0.6666666666666666,0.0,0.0,0.0,0.0,0.16666666666666666,0.25,0.0,0.5555555555555556,0.3333333333333333,0.0,0.5451807228915663,0.5451807228915663,0.5451807228915663,0.01862464183381074,0.20503597122302164,0.2666666666666667,0.6516129032258066,0.9999999999999999,0.3444976076555024,0.7023255813953488,0.7023255813953488,0.7023255813953488,1.0,0.8061674008810574,0.9999999999999999,0.7308641975308641,0.698473282442748,0.7286821705426356,0.16666666666666666,0.16666666666666666,0.16666666666666666,0.0,0.0,0.0,0.0625,0.0,0.0,0.5625,0.5625,0.5625,0.7627118644067796,0.631578947368421,0.8095238095238095,0.73109243697479,0.6346153846153847,1.0,0.0,0.5856443719412716,0.5856443719412724,0.5856443719412724,0.5744295545092356,0.7181034482758623,0.06566347469220235,0.841891045710708,0.7990970654627543,0.0809443507588532,0.2400000000000001,0.25671641791044775,0.2634493670886076,0.5730158730158731,0.9549819927971189,0.3012421855971421,0.34497667131031906,0.6091013440959752,0.12748806737464102,0.3140672272782133,0.4084792967753871,0.44267246780120073,0.07450860315414047
