target,date,player_home,player_played,betting_over_under_line,weather_temperature,weather_wind_mph,weather_humidity,defense_fumbles_forced_moving_avg_1,defense_fumbles_forced_moving_max_1,defense_fumbles_forced_moving_min_1,defense_fumbles_forced_moving_avg_3,defense_fumbles_forced_moving_max_3,defense_fumbles_forced_moving_min_3,defense_fumbles_forced_moving_avg_5,defense_fumbles_forced_moving_max_5,defense_fumbles_forced_moving_min_5,defense_interceptions_moving_avg_1,defense_interceptions_moving_max_1,defense_interceptions_moving_min_1,defense_interceptions_moving_avg_3,defense_interceptions_moving_max_3,defense_interceptions_moving_min_3,defense_interceptions_moving_avg_5,defense_interceptions_moving_max_5,defense_interceptions_moving_min_5,defense_pass_yards_allowed_moving_avg_1,defense_pass_yards_allowed_moving_max_1,defense_pass_yards_allowed_moving_min_1,defense_pass_yards_allowed_moving_avg_3,defense_pass_yards_allowed_moving_max_3,defense_pass_yards_allowed_moving_min_3,defense_pass_yards_allowed_moving_avg_5,defense_pass_yards_allowed_moving_max_5,defense_pass_yards_allowed_moving_min_5,defense_rush_yards_allowed_moving_avg_1,defense_rush_yards_allowed_moving_max_1,defense_rush_yards_allowed_moving_min_1,defense_rush_yards_allowed_moving_avg_3,defense_rush_yards_allowed_moving_max_3,defense_rush_yards_allowed_moving_min_3,defense_rush_yards_allowed_moving_avg_5,defense_rush_yards_allowed_moving_max_5,defense_rush_yards_allowed_moving_min_5,defense_sacks_moving_avg_1,defense_sacks_moving_max_1,defense_sacks_moving_min_1,defense_sacks_moving_avg_3,defense_sacks_moving_max_3,defense_sacks_moving_min_3,defense_sacks_moving_avg_5,defense_sacks_moving_max_5,defense_sacks_moving_min_5,defense_points_allowed_moving_avg_1,defense_points_allowed_moving_max_1,defense_points_allowed_moving_min_1,defense_points_allowed_moving_avg_3,defense_points_allowed_moving_max_3,defense_points_allowed_moving_min_3,defense_points_allowed_moving_avg_5,defense_points_allowed_moving_max_5,defense_points_allowed_moving_min_5,weather_inclement,player_fantpt_moving_avg_1,player_fantpt_moving_max_1,player_fantpt_moving_min_1,player_fantpt_moving_avg_3,player_fantpt_moving_max_3,player_fantpt_moving_min_3,player_fantpt_moving_avg_5,player_fantpt_moving_max_5,player_fantpt_moving_min_5,betting_spread,twitter_pct_player_tweets,twitter_pct_opponent_tweets,twitter_count_player_swing_1_3,twitter_count_opponent_swing_1_3,twitter_player_net_sentiment,twitter_opponent_net_sentiment,twitter_player_pct_neutral,twitter_opponent_pct_neutral,twitter_net_sentiment_player_swing_1_3,twitter_net_sentiment_opponent_swing_1_3,twitter_pct_neutral_player_swing_1_3,twitter_pct_neutral_opponent_swing_1_3
30.8,2010-09-19,0,1,41.0,72.0,0.0,,3.0,3.0,3.0,3.0,3.0,3.0,3.0,3.0,3.0,1.0,1.0,1.0,1.0,1.0,1.0,1.0,1.0,1.0,372.0,372.0,372.0,372.0,372.0,372.0,372.0,372.0,372.0,101.0,101.0,101.0,101.0,101.0,101.0,101.0,101.0,101.0,4.0,4.0,4.0,4.0,4.0,4.0,4.0,4.0,4.0,19.0,19.0,19.0,19.0,19.0,19.0,19.0,19.0,19.0,False,14.2,14.2,14.2,14.2,14.2,14.2,14.2,14.2,14.2,-6.5,0.019743537553429676,0.016893954813759413,-0.3,0.27586206896551724,-0.42748091603053434,-0.3700787401574803,0.45038167938931295,0.3511450381679389,-0.15217391304347827,-0.25,-0.22558922558922564,0.3
6.1,2010-09-26,0,1,45.0,90.0,5.0,67.0,1.0,1.0,1.0,1.0,1.0,1.0,1.0,1.0,1.0,2.0,2.0,2.0,1.5,2.0,1.0,1.5,2.0,1.0,334.0,334.0,334.0,314.5,334.0,295.0,314.5,334.0,295.0,151.0,151.0,151.0,120.0,151.0,89.0,120.0,151.0,89.0,1.0,1.0,1.0,2.0,3.0,1.0,2.0,3.0,1.0,38.0,38.0,38.0,27.5,38.0,17.0,27.5,38.0,17.0,False,30.8,30.8,30.8,22.5,30.8,14.2,22.5,30.8,14.2,-3.0,0.05759162303664921,0.007531918802241205,-0.7751937984496124,0.14285714285714285,-0.226457399103139,-0.45,0.48654708520179374,0.053811659192825115,0.3055555555555556,-0.08333333333333341,-0.25319148936170216,2.272727272727273
15.4,2010-10-03,1,1,43.5,63.0,1.0,57.0,1.0,1.0,1.0,0.6666666666666666,1.0,0.0,0.6666666666666666,1.0,0.0,1.0,1.0,1.0,0.6666666666666666,1.0,0.0,0.6666666666666666,1.0,0.0,235.0,235.0,235.0,338.0,497.0,235.0,338.0,497.0,235.0,133.0,133.0,133.0,98.0,133.0,58.0,98.0,133.0,58.0,1.0,1.0,1.0,2.3333333333333335,5.0,1.0,2.3333333333333335,5.0,1.0,30.0,30.0,30.0,22.333333333333332,30.0,7.0,22.333333333333332,30.0,7.0,False,6.099999999999998,6.1,6.1,17.033333333333335,30.8,6.1,17.033333333333335,30.8,6.1,-5.0,0.02629435718440954,0.03618382780686446,-0.26785714285714285,0.208955223880597,-0.16463414634146342,-0.45098039215686275,0.47560975609756095,0.29878048780487804,-0.5551724137931033,-0.05714285714285716,-0.3255813953488372,-0.04545454545454547
19.8,2010-10-10,0,1,38.5,75.0,1.0,51.0,0.0,0.0,0.0,0.0,0.0,0.0,0.0,0.0,0.0,2.0,2.0,2.0,1.0,2.0,0.0,1.0,2.0,0.0,273.0,273.0,273.0,259.0,273.0,250.0,236.75,273.0,170.0,98.0,98.0,98.0,118.33333333333333,207.0,50.0,108.0,207.0,50.0,3.0,3.0,3.0,1.6666666666666667,3.0,0.0,1.5,3.0,0.0,16.0,16.0,16.0,24.0,31.0,16.0,25.75,31.0,16.0,False,15.4,15.4,15.4,17.433333333333334,30.8,6.1,16.625,30.8,6.1,3.0,0.013532200711181351,0.009778743579612802,0.2916666666666667,-0.05,-0.6470588235294118,-0.2,0.28431372549019607,0.30392156862745096,-0.3214285714285714,-0.7777777777777778,-0.5789473684210527,-0.4
8.5,2010-10-17,1,1,43.0,66.0,1.0,45.0,1.0,1.0,1.0,1.0,1.0,1.0,0.6,1.0,0.0,2.0,2.0,2.0,2.0,2.0,2.0,2.0,3.0,1.0,246.0,246.0,246.0,266.3333333333333,365.0,188.0,239.8,365.0,164.0,48.0,48.0,48.0,57.333333333333336,81.0,43.0,86.6,143.0,43.0,3.0,3.0,3.0,2.0,3.0,1.0,2.2,3.0,1.0,10.0,10.0,10.0,16.0,24.0,10.0,14.0,24.0,7.0,False,19.800000000000004,19.8,19.8,13.766666666666666,19.8,6.1,17.259999999999998,30.8,6.1,-1.5,0.016166060837956762,0.007843887507174288,0.25,0.0,-0.3088235294117647,-0.3114754098360656,0.41911764705882354,0.20588235294117646,0.03888888888888887,-0.5555555555555556,-0.46078431372549017,-0.14285714285714282
10.2,2010-10-24,0,1,42.0,78.0,2.0,39.0,1.0,1.0,1.0,0.3333333333333333,1.0,0.0,0.6,1.0,0.0,3.0,3.0,3.0,2.3333333333333335,3.0,1.0,1.8,3.0,0.0,189.0,189.0,189.0,312.0,406.0,189.0,273.0,406.0,43.0,76.0,76.0,76.0,78.66666666666667,141.0,19.0,89.8,141.0,19.0,2.0,2.0,2.0,4.666666666666667,6.0,2.0,4.0,6.0,2.0,3.0,3.0,3.0,18.666666666666668,27.0,3.0,17.0,27.0,3.0,False,8.500000000000004,8.5,8.5,14.566666666666665,19.8,8.5,16.119999999999997,30.8,6.1,3.0,0.013741411617738912,0.010172213794949585,-0.12121212121212122,-0.3611111111111111,-0.3333333333333333,-0.39215686274509803,0.37606837606837606,0.4444444444444444,0.31818181818181823,0.08212560386473419,-0.051724137931034586,0.39642857142857135
10.3,2010-11-07,1,1,47.0,52.0,1.0,34.0,1.0,1.0,1.0,0.6666666666666666,1.0,0.0,0.6,1.0,0.0,1.0,1.0,1.0,1.0,2.0,0.0,0.8,2.0,0.0,201.0,201.0,201.0,201.0,246.0,156.0,248.4,476.0,156.0,108.0,108.0,108.0,111.33333333333333,113.0,108.0,111.0,174.0,47.0,3.0,3.0,3.0,2.3333333333333335,3.0,1.0,1.6,3.0,0.0,17.0,17.0,17.0,16.666666666666668,24.0,9.0,18.8,31.0,9.0,False,10.200000000000003,10.2,10.2,12.83333333333333,19.8,8.5,12.0,19.8,6.1,-3.0,0.008932882665379043,0.0147271849348141,-0.35714285714285715,-0.08928571428571429,-0.3504273504273504,-0.46601941747572817,0.4188034188034188,0.5811965811965812,0.7897727272727274,-0.1338383838383839,0.021428571428571436,-0.2517006802721088
15.4,2010-11-15,0,1,43.5,52.0,3.0,67.0,1.0,1.0,1.0,2.0,3.0,1.0,1.6,3.0,1.0,1.0,1.0,1.0,1.6666666666666667,4.0,0.0,1.4,4.0,0.0,212.0,212.0,212.0,266.6666666666667,307.0,212.0,268.6,307.0,212.0,102.0,102.0,102.0,112.66666666666667,170.0,66.0,121.0,170.0,66.0,1.0,1.0,1.0,2.0,4.0,1.0,2.2,4.0,1.0,37.0,37.0,37.0,26.0,37.0,14.0,20.6,37.0,12.0,False,10.300000000000004,10.3,10.3,9.666666666666666,10.3,8.5,12.84,19.8,8.5,-3.5,0.022775084606237995,0.021951888777096862,-0.42857142857142855,-0.7205882352941176,-0.4375,-0.27205882352941174,0.3465909090909091,0.36363636363636365,0.06666666666666661,-0.17777777777777787,0.26562500000000006,-0.2702702702702703
20.0,2010-11-21,1,1,48.0,45.0,7.0,68.0,0.0,0.0,0.0,1.0,2.0,0.0,1.2,2.0,0.0,1.0,1.0,1.0,1.0,2.0,0.0,1.0,2.0,0.0,327.0,327.0,327.0,222.0,327.0,113.0,235.0,327.0,113.0,100.0,100.0,100.0,63.333333333333336,100.0,41.0,55.6,100.0,24.0,0.0,0.0,0.0,1.0,3.0,0.0,1.6,3.0,0.0,33.0,33.0,33.0,25.0,35.0,7.0,21.0,35.0,7.0,False,15.400000000000002,15.4,15.4,11.966666666666667,15.4,10.2,12.84,19.8,8.5,-3.5,0.043052651587150735,0.027276183235126403,0.3870967741935484,-0.058823529411764705,-0.2802547770700637,-0.4306930693069307,0.4299363057324841,0.23885350318471338,-0.6045673076923077,-0.0,-0.09477756286266924,-0.1818181818181818
12.0,2010-11-28,0,1,43.0,45.0,1.0,57.0,0.0,0.0,0.0,0.6666666666666666,1.0,0.0,0.6,1.0,0.0,1.0,1.0,1.0,2.0,3.0,1.0,1.6,3.0,0.0,187.0,187.0,187.0,218.66666666666666,299.0,170.0,219.6,299.0,170.0,39.0,39.0,39.0,51.666666666666664,70.0,39.0,77.4,121.0,39.0,6.0,6.0,6.0,2.6666666666666665,6.0,1.0,2.0,6.0,0.0,0.0,0.0,0.0,10.666666666666666,19.0,0.0,14.4,23.0,0.0,False,20.000000000000007,20.0,20.0,15.233333333333334,20.0,10.3,12.88,20.0,8.5,-3.5,0.032813402657423454,0.03212016175621028,-0.2,0.6590909090909091,-0.22167487684729065,-0.3686868686868687,0.39901477832512317,0.4039408866995074,0.009615384615384703,0.018518518518518406,-0.10857142857142861,-0.0999999999999999
25.0,2010-12-02,1,1,49.5,37.0,5.0,55.0,0.0,0.0,0.0,0.3333333333333333,1.0,0.0,0.4,1.0,0.0,3.0,3.0,3.0,1.3333333333333333,3.0,0.0,1.0,3.0,0.0,138.0,138.0,138.0,265.0,342.0,138.0,271.6,342.0,138.0,24.0,24.0,24.0,97.33333333333333,165.0,24.0,95.2,165.0,24.0,1.0,1.0,1.0,2.0,3.0,1.0,1.6,3.0,1.0,0.0,0.0,0.0,20.333333333333332,31.0,0.0,24.0,31.0,0.0,False,12.000000000000007,12.0,12.0,15.800000000000002,20.0,12.0,13.580000000000002,20.0,10.2,-8.0,0.016606698034874065,0.011163391456776455,20.0,2.8,-0.2868217054263566,-0.5263157894736842,0.3798449612403101,0.24806201550387597,-1.3793103448275863,0.1428571428571428,-1.0,-0.41666666666666663
15.3,2010-12-12,0,1,51.0,72.0,0.0,,0.0,0.0,0.0,0.6666666666666666,1.0,0.0,0.6,1.0,0.0,4.0,4.0,4.0,2.0,4.0,1.0,1.6,4.0,0.0,365.0,365.0,365.0,335.3333333333333,365.0,289.0,333.6,373.0,289.0,40.0,40.0,40.0,65.33333333333333,81.0,40.0,88.2,138.0,40.0,0.0,0.0,0.0,1.6666666666666667,3.0,0.0,1.2,3.0,0.0,35.0,35.0,35.0,28.0,35.0,19.0,29.8,45.0,19.0,False,25.000000000000007,25.0,25.0,19.000000000000004,25.0,12.0,16.54,25.0,10.3,-4.0,0.024864965542931643,0.023095548519277333,0.4444444444444444,0.2641509433962264,-0.32460732984293195,-0.31137724550898205,0.34554973821989526,0.4607329842931937,-0.2991239048811014,0.2444444444444446,-0.1942857142857144,-0.23809523809523808
7.7,2010-12-19,0,1,47.0,33.0,6.0,58.0,0.0,0.0,0.0,1.6666666666666667,4.0,0.0,1.4,4.0,0.0,1.0,1.0,1.0,1.3333333333333333,2.0,1.0,1.0,2.0,0.0,126.0,126.0,126.0,194.66666666666666,296.0,126.0,233.8,327.0,126.0,61.0,61.0,61.0,114.0,207.0,61.0,118.0,207.0,61.0,4.0,4.0,4.0,4.0,4.0,4.0,3.0,4.0,0.0,3.0,3.0,3.0,10.0,20.0,3.0,18.0,33.0,3.0,False,15.300000000000011,15.3,15.3,17.433333333333337,25.0,12.0,17.54,25.0,12.0,3.0,0.03073183436062158,0.034725236565674104,0.2638888888888889,-0.18,-0.2248062015503876,-0.2972972972972973,0.3875968992248062,0.45348837209302323,-0.18719211822660092,-0.06457800511508946,0.42363636363636353,0.009276437847866534
8.5,2010-12-28,1,1,44.5,37.0,1.0,46.0,0.0,0.0,0.0,1.3333333333333333,4.0,0.0,0.8,4.0,0.0,1.0,1.0,1.0,1.3333333333333333,2.0,1.0,1.0,2.0,0.0,194.0,194.0,194.0,179.66666666666666,194.0,158.0,211.2,306.0,158.0,104.0,104.0,104.0,133.66666666666666,213.0,84.0,104.2,213.0,29.0,1.0,1.0,1.0,1.0,1.0,1.0,2.0,4.0,1.0,40.0,40.0,40.0,25.0,40.0,14.0,23.8,40.0,13.0,False,7.70000000000001,7.7,7.7,16.000000000000004,25.0,7.7,16.0,25.0,7.7,-14.5,0.07943793911007026,0.01423887587822014,8.745098039215685,5.214285714285714,-0.2893401015228426,-0.37719298245614036,0.42470389170896783,0.0829103214890017,1.6738738738738739,-0.7230769230769231,0.2920634920634921,-0.2528735632183909
0.0,2011-01-02,1,0,43.5,48.0,1.0,66.0,0.0,0.0,0.0,0.3333333333333333,1.0,0.0,0.4,1.0,0.0,0.0,0.0,0.0,1.3333333333333333,2.0,0.0,1.8,4.0,0.0,183.0,183.0,183.0,258.3333333333333,322.0,183.0,298.4,365.0,183.0,93.0,93.0,93.0,106.33333333333333,171.0,55.0,88.0,171.0,40.0,1.0,1.0,1.0,2.6666666666666665,5.0,1.0,2.0,5.0,0.0,27.0,27.0,27.0,29.0,30.0,27.0,30.4,35.0,27.0,True,8.50000000000001,8.5,8.5,10.500000000000005,15.3,7.7,13.7,25.0,7.7,0.0,0.024,0.021830508474576273,-0.6703296703296703,-0.1794871794871795,-0.25,-0.28440366972477066,0.3897058823529412,0.3088235294117647,-1.3692307692307693,-1.196969696969697,-0.28906250000000006,0.0879120879120879
25.7,2011-09-11,0,1,44.5,72.0,0.0,,1.0,1.0,1.0,0.6666666666666666,1.0,0.0,0.6,1.0,0.0,0.0,0.0,0.0,0.6666666666666666,1.0,0.0,1.2,2.0,0.0,192.0,192.0,192.0,216.33333333333334,273.0,184.0,203.6,273.0,148.0,141.0,141.0,141.0,145.33333333333334,210.0,85.0,134.6,210.0,85.0,0.0,0.0,0.0,2.3333333333333335,4.0,0.0,2.4,4.0,0.0,16.0,16.0,16.0,20.0,27.0,16.0,19.4,31.0,6.0,False,1.0658141036401503e-14,0.0,0.0,5.400000000000005,8.5,0.0,11.3,25.0,0.0,-4.0,0.026659597833907676,0.004941871473472943,0.8535353535353535,0.9714285714285714,-0.22933884297520662,-0.21354166666666666,0.4225206611570248,0.09607438016528926,-0.622060552616108,0.07142857142857151,0.14666976096542125,0.25641025641025644
23.6,2011-09-18,0,1,49.5,72.0,0.0,,0.0,0.0,0.0,0.6666666666666666,1.0,0.0,0.6,1.0,0.0,1.0,1.0,1.0,0.6666666666666666,1.0,0.0,1.2,2.0,0.0,312.0,312.0,312.0,286.6666666666667,366.0,182.0,263.2,366.0,154.0,88.0,88.0,88.0,107.0,137.0,88.0,96.8,137.0,72.0,5.0,5.0,5.0,3.3333333333333335,5.0,2.0,2.6,5.0,1.0,30.0,30.0,30.0,29.333333333333332,48.0,10.0,24.6,48.0,10.0,False,25.70000000000001,25.7,25.7,11.400000000000004,25.7,0.0,11.440000000000001,25.7,0.0,-2.5,0.04242424242424243,0.01271611823759063,0.44571428571428573,0.203125,-0.12419974391805377,-0.18303571428571427,0.4212548015364917,0.11907810499359796,-0.6606060606060605,-0.5740259740259741,-0.21938775510204087,0.07317073170731708
20.1,2011-09-25,1,1,46.5,79.0,5.0,79.0,2.0,2.0,2.0,1.0,2.0,0.0,1.4,3.0,0.0,0.0,0.0,0.0,0.3333333333333333,1.0,0.0,0.4,1.0,0.0,331.0,331.0,331.0,304.0,331.0,276.0,330.4,404.0,276.0,59.0,59.0,59.0,72.0,83.0,59.0,80.4,119.0,59.0,2.0,2.0,2.0,2.6666666666666665,4.0,2.0,2.4,4.0,2.0,16.0,16.0,16.0,20.333333333333332,28.0,16.0,24.0,45.0,14.0,False,23.600000000000012,23.6,23.6,16.433333333333337,25.7,0.0,13.100000000000003,25.7,0.0,-8.0,0.042691903259726605,0.04307746232036453,0.9384615384615385,-0.34540389972144847,-0.16510538641686182,-0.39819004524886875,0.44730679156908665,0.43676814988290397,-0.8156862745098039,-0.24709302325581392,-0.13079333663203027,0.09379968203497627
11.2,2011-10-02,1,1,43.5,54.0,2.0,78.0,1.0,1.0,1.0,1.0,2.0,0.0,0.8,2.0,0.0,2.0,2.0,2.0,1.6666666666666667,2.0,1.0,1.4,2.0,0.0,157.0,157.0,157.0,262.0,432.0,157.0,264.0,432.0,157.0,79.0,79.0,79.0,62.666666666666664,79.0,45.0,65.2,79.0,45.0,1.0,1.0,1.0,2.3333333333333335,5.0,1.0,2.8,6.0,1.0,8.0,8.0,8.0,17.333333333333332,27.0,8.0,16.8,27.0,7.0,True,20.100000000000016,20.1,20.1,23.133333333333336,25.7,20.1,15.580000000000004,25.7,0.0,-10.0,0.030045067601402103,0.011123828600042922,0.011363636363636364,0.09230769230769231,-0.2614035087719298,-0.27074235807860264,0.4105263157894737,0.17017543859649123,-0.12118644067796601,1.3979591836734697,0.10538641686182672,0.23210831721470024
16.7,2011-10-09,0,1,53.0,75.0,6.0,47.0,0.0,0.0,0.0,0.3333333333333333,1.0,0.0,0.6,2.0,0.0,2.0,2.0,2.0,2.3333333333333335,4.0,1.0,1.8,4.0,1.0,298.0,298.0,298.0,336.0,387.0,298.0,249.2,387.0,119.0,171.0,171.0,171.0,136.66666666666666,171.0,108.0,158.8,276.0,108.0,2.0,2.0,2.0,0.6666666666666666,2.0,0.0,1.0,2.0,0.0,23.0,23.0,23.0,29.666666666666668,35.0,23.0,26.8,38.0,7.0,False,11.200000000000014,11.2,11.2,18.3,23.6,11.2,16.120000000000005,25.7,0.0,-3.0,0.03373780437812577,0.020783799294908586,0.55625,-0.12295081967213115,-0.377326565143824,-0.18820224719101122,0.4077834179357022,0.24027072758037224,-0.5060975609756098,-0.10462776659959758,-0.026590693257359972,-0.3019662921348315
19.9,2011-10-16,0,1,46.5,69.0,7.0,26.0,1.0,1.0,1.0,1.0,1.0,1.0,0.6,1.0,0.0,0.0,0.0,0.0,0.6666666666666666,1.0,0.0,0.8,1.0,0.0,164.0,164.0,164.0,223.33333333333334,255.0,164.0,236.2,268.0,164.0,45.0,45.0,45.0,87.66666666666667,125.0,45.0,84.0,125.0,45.0,7.0,7.0,7.0,3.6666666666666665,7.0,1.0,3.0,7.0,0.0,10.0,10.0,10.0,16.333333333333332,21.0,10.0,16.0,21.0,10.0,False,16.700000000000014,16.7,16.7,16.000000000000004,20.1,11.2,19.460000000000004,25.7,11.2,-3.0,0.03249475890985325,0.018021286889211417,0.043209876543209874,0.6447368421052632,-0.3376865671641791,-0.19135802469135801,0.38619402985074625,0.23694029850746268,0.2648648648648649,1.5641025641025637,-0.17650103519668733,0.45000000000000007
32.0,2011-10-30,1,1,49.5,42.0,5.0,64.0,1.0,1.0,1.0,1.0,2.0,0.0,0.8,2.0,0.0,1.0,1.0,1.0,1.3333333333333333,2.0,1.0,1.2,2.0,1.0,196.0,196.0,196.0,241.66666666666666,289.0,196.0,230.8,289.0,179.0,70.0,70.0,70.0,78.0,101.0,63.0,74.6,101.0,63.0,1.0,1.0,1.0,1.3333333333333333,3.0,0.0,2.6,6.0,0.0,7.0,7.0,7.0,20.333333333333332,34.0,7.0,20.2,34.0,7.0,False,19.90000000000001,19.9,19.9,15.933333333333335,19.9,11.2,18.300000000000004,23.6,11.2,-3.0,0.020942285593677445,0.019183415023099833,0.06467661691542288,0.415929203539823,-0.28921568627450983,-0.23792486583184258,0.3741830065359477,0.40032679738562094,-0.838782864006406,-0.4150641025641025,-0.32385404492923,-0.1512678519382105
17.7,2011-11-07,1,1,47.5,51.0,2.0,74.0,0.0,0.0,0.0,0.0,0.0,0.0,0.2,1.0,0.0,4.0,4.0,4.0,1.6666666666666667,4.0,0.0,1.4,4.0,0.0,264.0,264.0,264.0,253.0,276.0,219.0,286.0,374.0,219.0,30.0,30.0,30.0,88.0,181.0,30.0,106.6,181.0,30.0,1.0,1.0,1.0,2.3333333333333335,5.0,1.0,1.8,5.0,0.0,18.0,18.0,18.0,17.333333333333332,24.0,10.0,21.6,29.0,10.0,False,32.00000000000001,32.0,32.0,22.86666666666667,32.0,16.7,19.98,32.0,11.2,-8.0,0.03334107132493761,0.027508560153212232,-0.0670391061452514,0.20304568527918782,-0.26174496644295303,-0.24143556280587275,0.46442953020134226,0.3208053691275168,0.1730146875777944,-0.5918744228993537,0.0010339123242348997,-0.23627450980392162
15.3,2011-11-13,1,1,47.5,61.0,1.0,40.0,0.0,0.0,0.0,0.3333333333333333,1.0,0.0,0.8,2.0,0.0,1.0,1.0,1.0,0.6666666666666666,1.0,0.0,0.4,1.0,0.0,255.0,255.0,255.0,317.3333333333333,361.0,255.0,288.4,361.0,169.0,150.0,150.0,150.0,116.0,150.0,91.0,114.8,172.0,54.0,4.0,4.0,4.0,3.0,4.0,2.0,2.2,4.0,1.0,13.0,13.0,13.0,25.0,32.0,13.0,28.0,34.0,13.0,False,17.700000000000003,17.7,17.7,23.200000000000003,32.0,17.7,19.5,32.0,11.2,-13.0,0.02630985491994287,0.014545591220025559,0.30973451327433627,0.4722222222222222,-0.3182711198428291,-0.26640926640926643,0.35952848722986247,0.18860510805500982,-0.4256837098692033,-0.4466800804828975,-0.17142857142857137,-0.06812500000000006
11.5,2011-11-20,0,1,45.5,58.0,1.0,66.0,0.0,0.0,0.0,0.6666666666666666,2.0,0.0,0.8,2.0,0.0,1.0,1.0,1.0,1.3333333333333333,2.0,1.0,1.4,2.0,1.0,242.0,242.0,242.0,240.66666666666666,342.0,138.0,256.2,342.0,138.0,77.0,77.0,77.0,109.33333333333333,145.0,77.0,125.6,155.0,77.0,2.0,2.0,2.0,3.0,5.0,2.0,3.6,6.0,2.0,27.0,27.0,27.0,21.333333333333332,27.0,17.0,24.8,36.0,17.0,False,15.3,15.3,15.3,21.666666666666668,32.0,15.3,20.32,32.0,15.3,6.0,0.0371766541011309,0.04259283331166862,-0.1111111111111111,-0.4338235294117647,-0.3798319327731092,-0.27972027972027974,0.3831932773109244,0.7126050420168067,0.13892821031344796,0.8685897435897437,-0.15656887755102036,0.5651392632524707
12.1,2011-11-27,1,1,50.5,63.0,1.0,56.0,0.0,0.0,0.0,0.6666666666666666,1.0,0.0,0.6,1.0,0.0,3.0,3.0,3.0,2.0,3.0,1.0,1.6,3.0,1.0,230.0,230.0,230.0,262.0,306.0,230.0,293.6,365.0,230.0,125.0,125.0,125.0,115.33333333333333,125.0,110.0,104.2,125.0,77.0,3.0,3.0,3.0,2.6666666666666665,5.0,0.0,3.0,5.0,0.0,3.0,3.0,3.0,14.333333333333334,24.0,3.0,16.8,25.0,3.0,False,11.5,11.5,11.5,14.833333333333334,17.7,11.5,19.279999999999998,32.0,11.5,3.5,0.025840301688801443,0.020527955402525003,0.14,0.0,-0.36813186813186816,-0.11347517730496454,0.37362637362637363,0.3791208791208791,-0.4799938442597722,0.3958333333333334,-0.19182652210175136,-0.10884601383327262
25.3,2011-12-01,0,1,43.5,39.0,2.0,,0.0,0.0,0.0,1.3333333333333333,2.0,0.0,1.0,2.0,0.0,2.0,2.0,2.0,1.3333333333333333,2.0,1.0,1.2,2.0,0.0,314.0,314.0,314.0,250.33333333333334,314.0,181.0,239.6,314.0,168.0,110.0,110.0,110.0,75.66666666666667,110.0,42.0,96.4,163.0,42.0,1.0,1.0,1.0,2.3333333333333335,5.0,1.0,1.6,5.0,0.0,23.0,23.0,23.0,15.666666666666666,23.0,7.0,20.8,34.0,7.0,False,12.100000000000001,12.1,12.1,12.966666666666669,15.3,11.5,17.72,32.0,11.5,-3.0,0.021168145838330536,0.0046773806668265775,,,-0.41478439425051333,-0.4424778761061947,0.3757700205338809,0.07392197125256673,,,,
19.1,2011-12-11,0,1,44.5,78.0,1.0,83.0,0.0,0.0,0.0,0.0,0.0,0.0,0.0,0.0,0.0,1.0,1.0,1.0,1.6666666666666667,2.0,1.0,1.4,2.0,0.0,273.0,273.0,273.0,238.0,273.0,215.0,236.4,273.0,215.0,46.0,46.0,46.0,57.333333333333336,85.0,41.0,69.8,116.0,41.0,2.0,2.0,2.0,1.6666666666666667,2.0,1.0,2.6,5.0,1.0,14.0,14.0,14.0,14.0,20.0,8.0,10.8,20.0,3.0,False,25.300000000000004,25.3,25.3,16.3,25.3,11.5,16.38,25.3,11.5,3.0,0.02714002020694701,0.01438873985297704,0.3082706766917293,-0.35051546391752575,-0.3235831809872029,-0.40551181102362205,0.4113345521023766,0.15722120658135283,-0.06227106227106224,0.7647058823529412,0.08699324324324328,0.07555555555555556
25.7,2011-12-18,1,1,44.0,35.0,9.0,41.0,0.0,0.0,0.0,0.6666666666666666,2.0,0.0,0.6,2.0,0.0,1.0,1.0,1.0,0.6666666666666666,1.0,0.0,0.4,1.0,0.0,195.0,195.0,195.0,226.66666666666666,264.0,195.0,222.6,329.0,104.0,65.0,65.0,65.0,83.66666666666667,100.0,65.0,87.2,125.0,60.0,5.0,5.0,5.0,3.3333333333333335,5.0,2.0,2.2,5.0,0.0,10.0,10.0,10.0,17.666666666666668,24.0,10.0,21.4,37.0,10.0,False,19.100000000000005,19.1,19.1,18.833333333333332,25.3,12.1,16.66,25.3,11.5,-3.0,0.03179161111680853,0.07770143233172666,-0.37566137566137564,-0.12573099415204678,-0.20285261489698891,-0.15516062884483936,0.4706814580031696,1.1125198098256734,0.2047123623011014,0.06835637480798779,0.40642035130224125,-0.028037383177570097
4.5,2011-12-24,0,1,50.0,72.0,0.0,,1.0,1.0,1.0,0.3333333333333333,1.0,0.0,0.6,1.0,0.0,0.0,0.0,0.0,0.3333333333333333,1.0,0.0,0.4,1.0,0.0,148.0,148.0,148.0,265.0,400.0,148.0,275.0,400.0,148.0,58.0,58.0,58.0,90.33333333333333,110.0,58.0,84.0,110.0,58.0,3.0,3.0,3.0,2.6666666666666665,5.0,0.0,3.0,5.0,0.0,15.0,15.0,15.0,23.666666666666668,37.0,15.0,22.8,37.0,15.0,False,25.700000000000003,25.7,25.7,23.36666666666667,25.7,19.1,18.740000000000002,25.7,11.5,-2.5,0.04320779464118418,0.03698707138842046,-0.35684647302904565,0.8333333333333334,-0.1565217391304348,-0.27,0.3590062111801242,0.39627329192546584,-0.3416666666666667,0.3223140495867768,0.13080168776371304,0.2890625
11.6,2012-09-09,0,1,42.0,68.0,9.0,57.0,2.0,2.0,2.0,0.6666666666666666,2.0,0.0,1.0,2.0,0.0,0.0,0.0,0.0,0.6666666666666666,1.0,0.0,0.6,1.0,0.0,221.0,221.0,221.0,222.0,313.0,132.0,220.8,313.0,132.0,161.0,161.0,161.0,132.33333333333334,162.0,74.0,166.8,290.0,74.0,2.0,2.0,2.0,2.3333333333333335,4.0,1.0,2.0,4.0,1.0,13.0,13.0,13.0,17.666666666666668,20.0,13.0,18.2,24.0,13.0,False,4.5000000000000036,4.5,4.5,16.433333333333337,25.7,4.5,17.34,25.7,4.5,-9.5,0.02561371675016107,0.010459810921331176,-0.5627218934911242,0.0030120481927710845,-0.1826677994902294,-0.2928759894459103,0.5,0.16525063721325403,-0.9742035450969709,-0.796875,0.020725437928408266,0.26763285024154604
12.9,2012-09-16,1,1,47.0,74.0,5.0,40.0,1.0,1.0,1.0,1.0,1.0,1.0,1.0,1.0,1.0,1.0,1.0,1.0,1.0,2.0,0.0,1.2,3.0,0.0,221.0,221.0,221.0,249.0,287.0,221.0,232.6,287.0,184.0,129.0,129.0,129.0,106.0,129.0,93.0,110.8,131.0,93.0,4.0,4.0,4.0,2.3333333333333335,4.0,1.0,1.6,4.0,0.0,13.0,13.0,13.0,23.333333333333332,34.0,13.0,19.8,34.0,13.0,False,11.600000000000001,11.6,11.6,13.933333333333337,25.7,4.5,17.240000000000002,25.7,4.5,-3.0,0.035105157015269374,0.019418035148372228,1.55956678700361,0.2875,-0.1682723185613359,-0.0847457627118644,0.43481053307642903,0.26396917148362237,-0.4563855421686747,-1.9367272727272729,-0.06066093254866453,0.2644188110026619
7.8,2012-09-23,0,1,42.0,72.0,0.0,,0.0,0.0,0.0,0.3333333333333333,1.0,0.0,0.8,2.0,0.0,1.0,1.0,1.0,1.0,1.0,1.0,0.6,1.0,0.0,316.0,316.0,316.0,230.33333333333334,316.0,153.0,214.2,316.0,153.0,90.0,90.0,90.0,127.66666666666667,178.0,90.0,133.6,178.0,90.0,4.0,4.0,4.0,3.6666666666666665,4.0,3.0,3.0,4.0,2.0,18.0,18.0,18.0,18.0,20.0,16.0,18.8,23.0,16.0,False,12.9,12.9,12.9,9.66666666666667,12.9,4.5,14.760000000000002,25.7,4.5,-3.0,0.039356965043301426,0.023912205041898952,0.9562289562289562,1.2153846153846153,-0.21942446043165467,-0.1771058315334773,0.437410071942446,0.3079136690647482,-0.2419488026424443,-0.6362721417069244,0.03526865291571168,-0.045675087836707415
14.0,2012-09-30,1,1,46.5,63.0,8.0,59.0,2.0,2.0,2.0,0.6666666666666666,2.0,0.0,1.4,3.0,0.0,3.0,3.0,3.0,2.0,3.0,1.0,1.4,3.0,0.0,288.0,288.0,288.0,279.3333333333333,307.0,243.0,259.6,307.0,196.0,60.0,60.0,60.0,94.0,143.0,60.0,115.8,150.0,60.0,2.0,2.0,2.0,2.0,2.0,2.0,2.6,4.0,2.0,7.0,7.0,7.0,21.666666666666668,34.0,7.0,20.4,34.0,7.0,True,7.799999999999999,7.8,7.8,10.766666666666671,12.9,7.8,12.500000000000002,25.7,4.5,-1.5,0.034447075056052934,0.026529108327192335,1.1161290322580646,-0.1225,-0.12293853073463268,-0.3720136518771331,0.431784107946027,0.34707646176911544,-1.704,0.545795918367347,-0.1989812684850477,0.1543230285997685
14.0,2012-10-07,0,1,44.0,48.0,7.0,68.0,0.0,0.0,0.0,0.6666666666666666,1.0,0.0,0.6,1.0,0.0,1.0,1.0,1.0,0.3333333333333333,1.0,0.0,0.4,1.0,0.0,209.0,209.0,209.0,200.0,253.0,138.0,218.6,316.0,138.0,119.0,119.0,119.0,101.0,119.0,90.0,101.2,131.0,72.0,1.0,1.0,1.0,1.6666666666666667,2.0,1.0,1.4,2.0,0.0,34.0,34.0,34.0,25.0,34.0,10.0,22.6,34.0,9.0,True,13.999999999999996,14.0,14.0,11.56666666666667,14.0,7.8,10.16,14.0,4.5,4.0,0.04318326793342741,0.023582626176715055,1.9799196787148594,-0.18947368421052632,-0.17027632561613143,-0.2549476135040745,0.44510828976848393,0.29873039581777444,-0.2966507177033493,-0.4700693131695021,-0.030238685069403467,0.23497536945812814
10.8,2012-10-14,1,1,47.5,73.0,14.0,58.0,0.0,0.0,0.0,1.0,2.0,0.0,1.0,2.0,0.0,0.0,0.0,0.0,0.0,0.0,0.0,0.0,0.0,0.0,111.0,111.0,111.0,238.33333333333334,378.0,111.0,275.8,466.0,111.0,127.0,127.0,127.0,111.33333333333333,148.0,59.0,115.6,167.0,59.0,2.0,2.0,2.0,1.6666666666666667,3.0,0.0,2.2,4.0,0.0,20.0,20.0,20.0,30.333333333333332,44.0,20.0,31.8,45.0,20.0,False,13.999999999999996,14.0,14.0,11.933333333333337,14.0,7.8,12.059999999999999,14.0,7.8,-3.5,0.02841865383756088,0.014983839497162603,1.2386363636363635,-0.026785714285714284,-0.14563106796116504,-0.22496147919876733,0.4492497793468667,0.2497793468667255,-0.6631901840490798,-0.47165775401069526,-0.09638077136295245,-0.1891447368421052
18.7,2012-10-28,1,1,43.0,58.0,13.0,75.0,2.0,2.0,2.0,1.0,2.0,0.0,1.2,2.0,0.0,1.0,1.0,1.0,1.0,2.0,0.0,1.6,3.0,0.0,353.0,353.0,353.0,256.6666666666667,353.0,202.0,236.8,353.0,173.0,149.0,149.0,149.0,159.0,199.0,129.0,142.2,199.0,116.0,3.0,3.0,3.0,3.0,3.0,3.0,2.6,3.0,1.0,20.0,20.0,20.0,21.666666666666668,28.0,17.0,17.8,28.0,3.0,True,10.799999999999997,10.8,10.8,12.933333333333337,14.0,10.8,11.899999999999999,14.0,7.8,-3.0,0.024182116742221163,0.011270017262915608,0.9192307692307692,0.33513513513513515,-0.2026266416510319,-0.2776659959758551,0.43902439024390244,0.2270168855534709,-0.6832740213523132,-0.40740740740740744,0.048012463412331105,-0.25000000000000006
13.3,2012-11-05,0,1,52.0,72.0,0.0,,1.0,1.0,1.0,0.6666666666666666,1.0,0.0,1.0,2.0,0.0,0.0,0.0,0.0,0.3333333333333333,1.0,0.0,0.6,1.0,0.0,305.0,305.0,305.0,359.6666666666667,420.0,305.0,329.2,420.0,248.0,225.0,225.0,225.0,148.0,225.0,102.0,163.8,273.0,102.0,0.0,0.0,0.0,2.3333333333333335,5.0,0.0,2.0,5.0,0.0,34.0,34.0,34.0,28.666666666666668,34.0,24.0,28.2,34.0,24.0,False,18.699999999999996,18.7,18.7,14.500000000000005,18.7,10.8,13.059999999999997,18.7,7.8,3.0,0.047248127360805824,0.025736784822552764,0.1352112676056338,-0.3782771535580524,-0.2907647907647908,-0.21941992433795712,0.4090909090909091,0.23232323232323232,-0.6205533596837944,-1.3668478260869565,-0.12706270627062705,-0.28115942028985513
10.2,2012-11-11,1,1,44.5,63.0,7.0,45.0,0.0,0.0,0.0,0.6666666666666666,1.0,0.0,0.6,1.0,0.0,0.0,0.0,0.0,0.6666666666666666,1.0,0.0,0.4,1.0,0.0,342.0,342.0,342.0,255.66666666666666,342.0,192.0,255.2,342.0,192.0,123.0,123.0,123.0,112.66666666666667,123.0,103.0,103.4,123.0,86.0,3.0,3.0,3.0,2.0,3.0,1.0,1.8,3.0,1.0,19.0,19.0,19.0,20.666666666666668,29.0,14.0,25.4,34.0,14.0,False,13.299999999999997,13.3,13.3,14.266666666666671,18.7,10.8,14.159999999999997,18.7,10.8,2.5,0.04468235531764468,0.037491162508837494,0.40502793296089384,0.24848484848484848,-0.125,-0.2240343347639485,0.41480446927374304,0.3715083798882682,-3.8724137931034486,-0.606268240071057,-0.34943137560367654,0.06980140186915881
9.2,2012-11-18,0,1,46.0,52.0,9.0,55.0,0.0,0.0,0.0,0.0,0.0,0.0,0.4,1.0,0.0,0.0,0.0,0.0,0.6666666666666666,2.0,0.0,1.0,2.0,0.0,201.0,201.0,201.0,253.33333333333334,337.0,201.0,291.4,352.0,201.0,129.0,129.0,129.0,111.0,140.0,64.0,102.0,140.0,64.0,0.0,0.0,0.0,0.6666666666666666,1.0,0.0,1.4,4.0,0.0,21.0,21.0,21.0,25.0,27.0,21.0,25.0,27.0,21.0,False,10.199999999999996,10.2,10.2,14.066666666666672,18.7,10.2,13.399999999999997,18.7,10.2,3.5,0.03857437113788153,0.01416890331439985,0.5925925925925926,0.2012987012987013,-0.21535745807590467,-0.281947261663286,0.442188879082083,0.1641659311562224,-0.2797958772577721,0.6940235690235688,-0.07584213673510072,-0.17437070938215105
0.0,2012-11-26,1,0,42.0,37.0,2.0,42.0,1.0,1.0,1.0,1.0,2.0,0.0,1.2,2.0,0.0,2.0,2.0,2.0,0.6666666666666666,2.0,0.0,0.6,2.0,0.0,248.0,248.0,248.0,254.66666666666666,301.0,215.0,235.4,301.0,186.0,167.0,167.0,167.0,127.66666666666667,167.0,65.0,109.4,167.0,65.0,1.0,1.0,1.0,2.0,4.0,1.0,2.4,6.0,0.0,27.0,27.0,27.0,25.333333333333332,36.0,13.0,23.6,36.0,13.0,False,9.199999999999996,9.2,9.2,10.900000000000006,13.3,9.2,12.439999999999998,18.7,9.2,3.0,0.031277668706933055,0.018266158524848905,0.4,0.6342857142857142,-0.25848303393213573,-0.04830053667262969,0.42015968063872255,0.2944111776447106,1.0247848537005162,-6.112426035502959,0.13307096298118323,-0.09311868686868688
0.0,2012-12-02,0,0,44.0,77.0,8.0,,0.0,0.0,0.0,0.6666666666666666,1.0,0.0,0.6,1.0,0.0,1.0,1.0,1.0,0.6666666666666666,1.0,0.0,0.6,1.0,0.0,304.0,304.0,304.0,267.6666666666667,304.0,210.0,267.4,342.0,192.0,149.0,149.0,149.0,119.66666666666667,149.0,91.0,117.0,149.0,91.0,3.0,3.0,3.0,2.3333333333333335,3.0,2.0,2.2,3.0,1.0,38.0,38.0,38.0,27.0,38.0,20.0,25.8,38.0,19.0,False,0.0,0.0,0.0,6.466666666666672,10.2,0.0,10.279999999999998,18.7,0.0,10.5,0.04613276746478638,0.03575665424652041,0.019559902200488997,0.36363636363636365,-0.371523915461624,-0.22971948445792267,0.3670745272525028,0.346496106785317,0.05547982551799343,-0.45765065259650095,-0.10364448285796604,-0.08664979679472433
0.0,2012-12-09,0,0,48.0,73.0,1.0,92.0,0.0,0.0,0.0,0.6666666666666666,1.0,0.0,0.4,1.0,0.0,1.0,1.0,1.0,0.6666666666666666,1.0,0.0,1.4,3.0,0.0,242.0,242.0,242.0,282.3333333333333,353.0,242.0,320.4,418.0,242.0,91.0,91.0,91.0,89.0,97.0,79.0,78.4,103.0,22.0,0.0,0.0,0.0,1.0,2.0,0.0,1.4,2.0,0.0,31.0,31.0,31.0,25.333333333333332,31.0,21.0,26.4,32.0,21.0,False,0.0,0.0,0.0,3.066666666666672,9.2,0.0,6.539999999999997,13.3,0.0,7.0,0.029869860820762,0.0118650771230013,0.3975409836065574,1.065217391304348,-0.17635467980295566,-0.1536697247706422,0.40492610837438425,0.2187192118226601,-0.7657736788171571,-0.37969924812030076,0.015348101265822884,-0.023381642512077264
12.2,2012-12-23,1,1,46.0,44.0,9.0,52.0,0.0,0.0,0.0,0.3333333333333333,1.0,0.0,0.6,1.0,0.0,2.0,2.0,2.0,1.0,2.0,0.0,1.4,2.0,0.0,244.0,244.0,244.0,235.33333333333334,280.0,182.0,270.2,441.0,182.0,58.0,58.0,58.0,120.33333333333333,186.0,58.0,95.2,186.0,35.0,2.0,2.0,2.0,1.6666666666666667,2.0,1.0,2.2,4.0,1.0,21.0,21.0,21.0,21.666666666666668,28.0,16.0,20.4,31.0,6.0,False,0.0,0.0,0.0,5.921189464667502e-15,0.0,0.0,1.8399999999999976,9.2,0.0,6.0,0.02563799062544387,0.027105724160787843,-0.5384615384615384,-0.46366782006920415,-0.2633802816901408,-0.2980769230769231,0.4211267605633803,0.45774647887323944,-0.3307378568780126,-0.19715739940459037,0.017543859649122764,0.024722838137472298
