team,date,fumbles_forced,interceptions,pass_yards_allowed,rush_yards_allowed,sacks,points_allowed
NWE,9/12/10,1,1,345,87,1,24
NWE,9/19/10,0,0,220,136,3,28
NWE,9/26/10,0,2,247,134,1,30
NWE,10/4/10,0,4,320,92,2,14
NWE,10/17/10,0,0,285,99,3,20
NWE,10/24/10,3,1,336,38,2,20
NWE,10/31/10,0,1,295,125,1,18
NWE,11/7/10,1,0,174,230,0,34
NWE,11/14/10,0,1,387,76,5,26
NWE,11/21/10,0,3,396,71,0,28
NWE,11/25/10,0,2,285,129,2,24
NWE,12/6/10,0,3,164,152,1,3
NWE,12/12/10,2,2,152,47,2,7
NWE,12/19/10,1,1,251,143,5,27
NWE,12/26/10,4,3,251,125,3,3
NWE,1/2/10,1,1,240,44,5,7
NWE,1/16/10,0,0,194,120,0,28
SDG,9/13/10,0,0,68,135,1,21
SDG,9/19/10,2,4,293,71,2,13
SDG,9/26/10,1,1,220,68,3,27
SDG,10/3/10,1,2,146,47,9,10
SDG,10/10/10,0,0,173,111,3,35
SDG,10/17/10,0,0,198,117,3,20
SDG,10/24/10,0,0,159,51,4,23
SDG,10/31/10,0,0,305,65,0,25
SDG,11/7/10,0,1,267,140,2,23
SDG,11/22/10,0,1,217,63,5,14
SDG,11/28/10,1,4,285,24,1,14
SDG,12/5/10,1,0,117,251,1,28
SDG,12/12/10,0,0,48,48,4,0
SDG,12/16/10,0,1,165,61,6,7
SDG,12/26/10,1,0,269,102,0,34
SDG,1/2/10,0,2,205,146,3,28
PHI,9/12/10,0,2,188,132,3,27
PHI,9/19/10,0,2,335,115,2,32
PHI,9/26/10,0,1,105,139,7,3
PHI,10/3/10,0,1,125,169,1,17
PHI,10/10/10,3,2,309,74,2,24
PHI,10/17/10,1,1,250,65,3,17
PHI,10/24/10,1,2,276,75,3,37
PHI,11/7/10,0,2,294,62,3,24
PHI,11/15/10,0,3,295,105,2,28
PHI,11/21/10,2,3,147,61,0,17
PHI,11/28/10,0,0,247,131,4,31
PHI,12/2/10,1,1,337,108,2,24
PHI,12/12/10,0,2,242,110,1,27
PHI,12/19/10,1,1,289,100,2,31
PHI,12/28/10,1,0,195,161,2,24
PHI,1/2/10,1,0,127,159,2,14
PHI,1/9/10,2,0,180,138,2,21
IND,9/12/10,0,1,107,257,2,34
IND,9/19/10,2,1,161,120,4,14
IND,9/26/10,1,1,476,47,1,13
IND,10/3/10,0,0,163,174,0,31
IND,10/10/10,1,0,156,113,1,9
IND,10/17/10,0,2,246,113,3,24
IND,11/1/10,1,1,201,108,3,17
IND,11/7/10,0,0,218,195,3,26
IND,11/14/10,2,3,292,72,3,17
IND,11/21/10,0,0,186,168,1,31
IND,11/28/10,0,0,185,129,2,36
IND,12/5/10,0,0,167,217,2,38
IND,12/9/10,2,0,244,121,0,28
IND,12/19/10,1,1,294,67,1,24
IND,12/26/10,0,0,231,80,3,26
IND,1/2/10,1,0,300,51,1,20
IND,1/8/10,0,1,189,169,1,17
ATL,9/12/10,0,1,236,143,3,15
ATL,9/19/10,0,3,164,118,2,7
ATL,9/26/10,1,2,365,43,2,24
ATL,10/3/10,1,2,188,81,1,14
ATL,10/10/10,1,2,246,48,3,10
ATL,10/17/10,0,1,326,154,1,31
ATL,10/24/10,1,0,412,84,3,32
ATL,11/7/10,0,2,189,96,1,21
ATL,11/11/10,1,1,215,116,2,21
ATL,11/21/10,0,1,233,71,0,17
ATL,11/28/10,1,0,344,77,1,17
ATL,12/5/10,0,1,183,151,1,24
ATL,12/12/10,1,1,107,212,5,10
ATL,12/19/10,1,2,154,91,2,18
ATL,12/27/10,0,2,302,72,1,17
ATL,1/2/10,1,1,182,137,3,10
ATL,1/15/10,1,0,366,96,2,48
OAK,9/12/10,1,0,154,205,2,38
OAK,9/19/10,0,1,167,75,3,14
OAK,9/26/10,2,1,122,119,2,24
OAK,10/3/10,0,0,192,249,0,31
OAK,10/10/10,3,0,431,91,3,27
OAK,10/17/10,0,0,196,158,2,17
OAK,10/24/10,2,1,198,75,4,14
OAK,10/31/10,0,1,163,47,8,3
OAK,11/7/10,1,1,216,104,3,20
OAK,11/21/10,1,0,275,162,2,35
OAK,11/28/10,0,1,307,186,3,33
OAK,12/5/10,1,1,280,21,4,13
OAK,12/12/10,0,1,159,234,2,38
OAK,12/19/10,1,0,138,106,2,23
OAK,12/26/10,0,2,179,191,0,31
OAK,1/2/10,0,2,142,115,7,10
NYG,9/12/10,2,3,182,89,4,18
NYG,9/19/10,1,0,255,160,1,38
NYG,9/26/10,0,0,118,161,1,29
NYG,10/3/10,1,2,114,59,10,3
NYG,10/10/10,1,1,196,24,3,10
NYG,10/17/10,2,1,313,64,2,20
NYG,10/25/10,2,0,226,41,3,35
NYG,11/7/10,1,2,113,49,0,7
NYG,11/14/10,0,1,327,100,0,33
NYG,11/21/10,2,0,258,148,3,27
NYG,11/28/10,1,1,162,207,4,20
NYG,12/5/10,4,2,296,74,4,7
NYG,12/13/10,0,1,126,61,4,3
NYG,12/19/10,2,1,242,197,3,38
NYG,12/26/10,1,0,404,119,2,45
NYG,1/2/10,3,1,336,67,2,14
DAL,9/12/10,0,0,171,89,1,13
DAL,9/19/10,0,0,277,38,1,27
DAL,9/26/10,1,2,241,124,4,13
DAL,10/10/10,0,0,173,158,3,34
DAL,10/17/10,1,0,118,95,3,24
DAL,10/25/10,2,3,306,200,1,41
DAL,10/31/10,1,0,260,149,3,35
DAL,11/7/10,0,0,289,138,1,45
DAL,11/14/10,1,2,373,107,0,20
DAL,11/21/10,1,1,289,75,3,19
DAL,11/25/10,1,1,352,81,2,30
DAL,12/5/10,0,4,365,40,0,35
DAL,12/12/10,0,2,270,171,2,30
DAL,12/19/10,1,2,322,55,5,30
DAL,12/25/10,0,0,183,93,1,27
DAL,1/2/10,1,3,162,121,5,13
HOU,9/12/10,1,0,433,44,2,24
HOU,9/19/10,0,0,426,18,3,27
HOU,9/26/10,0,0,284,101,0,27
HOU,10/3/10,1,2,278,118,4,24
HOU,10/10/10,0,2,297,117,0,34
HOU,10/17/10,0,0,201,228,1,31
HOU,11/1/10,0,0,268,107,1,30
HOU,11/7/10,1,1,295,77,1,29
HOU,11/14/10,0,0,342,165,2,31
HOU,11/21/10,1,1,315,103,3,30
HOU,11/28/10,0,3,138,24,1,0
HOU,12/2/10,0,1,302,115,1,34
HOU,12/13/10,0,0,235,63,5,34
HOU,12/19/10,0,1,237,147,3,31
HOU,12/26/10,0,1,308,126,1,24
HOU,1/2/10,1,1,140,198,2,17
GNB,9/12/10,1,0,199,149,6,20
GNB,9/19/10,0,2,102,124,4,7
GNB,9/27/10,0,1,221,77,3,20
GNB,10/3/10,1,2,331,123,3,26
GNB,10/10/10,0,1,357,51,5,16
GNB,10/17/10,0,1,231,150,0,23
GNB,10/24/10,0,3,212,196,1,24
GNB,10/31/10,1,2,256,119,2,0
GNB,11/7/10,2,2,183,39,4,7
GNB,11/21/10,1,1,208,93,1,3
GNB,11/28/10,0,0,197,117,2,20
GNB,12/5/10,0,1,194,97,4,16
GNB,12/12/10,0,2,117,190,2,7
GNB,12/19/10,0,0,163,113,3,31
GNB,12/26/10,2,4,301,90,1,17
GNB,1/2/10,0,2,168,110,6,3
GNB,1/9/10,0,1,292,81,3,16
GNB,1/15/10,2,2,186,45,5,21
GNB,1/23/10,0,3,233,83,2,14
GNB,2/6/10,0,0,304,50,3,31
NOR,9/9/10,0,1,171,91,1,9
NOR,9/20/10,2,2,275,142,0,22
NOR,9/26/10,1,0,228,202,2,27
NOR,10/3/10,1,0,146,118,3,14
NOR,10/10/10,0,1,174,41,4,30
NOR,10/17/10,1,0,236,42,1,6
NOR,10/24/10,0,0,87,125,1,30
NOR,10/31/10,1,1,195,108,3,10
NOR,11/7/10,1,1,107,127,4,3
NOR,11/21/10,2,0,366,58,0,19
NOR,11/25/10,2,1,313,144,1,27
NOR,12/5/10,0,0,249,96,3,30
NOR,12/12/10,1,2,231,136,3,13
NOR,12/19/10,0,0,172,208,3,30
NOR,12/27/10,2,0,148,75,1,14
NOR,1/2/10,2,0,255,84,3,23
NOR,1/8/10,0,1,272,150,2,41
PIT,9/12/10,0,1,252,58,2,9
PIT,9/19/10,4,3,215,46,4,11
PIT,9/26/10,1,1,251,75,4,13
PIT,10/3/10,1,1,256,70,1,17
PIT,10/17/10,1,2,281,69,6,10
PIT,10/24/10,1,1,257,64,1,22
PIT,10/31/10,1,1,305,30,2,20
PIT,11/8/10,1,1,248,54,4,21
PIT,11/14/10,0,0,350,103,0,39
PIT,11/21/10,1,2,168,61,6,3
PIT,11/28/10,1,1,265,74,2,16
PIT,12/5/10,1,0,266,43,4,10
PIT,12/12/10,0,3,178,34,3,7
PIT,12/19/10,0,0,170,106,1,22
PIT,12/23/10,1,1,72,74,4,3
PIT,1/2/10,0,3,210,43,4,9
PIT,1/15/10,2,1,125,35,5,24
PIT,1/23/10,1,0,233,70,2,19
PIT,2/6/10,0,0,304,50,3,31
NYJ,9/13/10,2,1,248,49,2,10
NYJ,9/19/10,1,2,248,52,1,14
NYJ,9/26/10,0,1,363,84,2,23
NYJ,10/3/10,2,0,128,114,3,14
NYJ,10/11/10,2,1,264,96,4,20
NYJ,10/17/10,2,0,209,145,1,20
NYJ,10/31/10,0,0,170,81,2,9
NYJ,11/7/10,0,0,240,78,2,20
NYJ,11/14/10,2,0,205,107,3,20
NYJ,11/21/10,1,0,254,97,1,27
NYJ,11/25/10,1,2,135,46,3,10
NYJ,12/6/10,0,0,326,101,3,45
NYJ,12/12/10,3,0,55,101,5,10
NYJ,12/19/10,0,0,264,146,3,17
NYJ,12/26/10,0,1,215,120,2,38
NYJ,1/2/10,2,4,130,37,3,7
NYJ,1/8/10,0,0,225,93,1,16
NYJ,1/16/10,0,1,299,113,5,21
NYJ,1/23/10,0,2,133,166,2,24
KAN,9/13/10,1,0,298,109,2,14
KAN,9/19/10,1,1,229,73,1,14
KAN,9/26/10,0,1,232,43,5,10
KAN,10/10/10,0,1,244,97,1,19
KAN,10/17/10,0,0,305,132,2,35
KAN,10/24/10,1,2,222,84,1,20
KAN,10/31/10,0,1,223,137,3,10
KAN,11/7/10,2,1,229,112,4,23
KAN,11/14/10,0,0,299,153,0,49
KAN,11/21/10,0,0,295,101,2,13
KAN,11/28/10,1,2,282,20,2,24
KAN,12/5/10,1,0,117,161,4,6
KAN,12/12/10,1,1,226,207,2,31
KAN,12/19/10,0,2,181,69,3,13
KAN,12/26/10,0,2,235,57,3,14
KAN,1/2/10,1,0,160,209,4,31
KAN,1/9/10,2,0,265,142,4,30
DET,9/12/10,3,1,372,101,4,19
DET,9/19/10,0,0,284,162,5,35
DET,9/26/10,1,2,201,183,2,24
DET,10/3/10,2,2,181,92,2,28
DET,10/10/10,1,2,215,128,1,6
DET,10/17/10,1,0,177,167,2,28
DET,10/31/10,1,1,254,80,7,25
DET,11/7/10,1,1,336,110,1,23
DET,11/14/10,1,0,146,149,1,14
DET,11/21/10,1,0,147,134,2,35
DET,11/25/10,0,0,341,109,1,45
DET,12/5/10,1,0,234,114,4,24
DET,12/12/10,1,2,223,66,4,3
DET,12/19/10,0,0,252,176,3,20
DET,12/26/10,1,2,278,154,2,27
DET,1/2/10,0,1,145,74,3,13
BAL,9/13/10,1,0,74,116,2,9
BAL,9/19/10,0,0,167,94,1,15
BAL,9/26/10,0,0,141,173,2,17
BAL,10/3/10,0,1,141,84,2,14
BAL,10/10/10,1,0,314,39,1,17
BAL,10/17/10,0,2,292,127,3,23
BAL,10/24/10,2,2,382,132,1,34
BAL,11/7/10,0,3,231,73,2,10
BAL,11/11/10,0,0,316,60,2,26
BAL,11/21/10,0,2,173,120,3,13
BAL,11/28/10,0,0,162,101,0,10
BAL,12/5/10,0,1,253,54,3,13
BAL,12/13/10,0,2,393,111,2,28
BAL,12/19/10,0,1,267,27,3,24
BAL,12/26/10,1,3,178,102,0,10
BAL,1/2/10,3,2,305,90,0,7
BAL,1/9/10,2,3,70,108,3,7
BAL,1/15/10,2,0,226,71,6,31
TEN,9/12/10,1,1,180,136,4,13
TEN,9/19/10,1,0,43,106,4,19
TEN,9/26/10,1,2,386,107,2,10
TEN,10/3/10,0,1,341,19,6,26
TEN,10/10/10,0,3,406,141,6,27
TEN,10/18/10,1,3,189,76,2,3
TEN,10/24/10,2,2,231,99,1,19
TEN,10/31/10,0,1,305,156,1,33
TEN,11/14/10,0,1,323,88,1,29
TEN,11/21/10,0,1,376,107,3,19
TEN,11/28/10,0,0,178,188,2,20
TEN,12/5/10,0,0,126,258,1,17
TEN,12/9/10,0,0,319,87,1,30
TEN,12/19/10,0,1,325,30,4,17
TEN,12/26/10,1,1,312,152,1,34
TEN,1/2/10,1,0,264,101,1,23
JAX,9/12/10,1,1,295,89,3,17
JAX,9/19/10,1,2,334,151,1,38
JAX,9/26/10,0,0,291,106,3,28
JAX,10/3/10,1,1,352,58,1,28
JAX,10/10/10,0,0,220,110,3,26
JAX,10/18/10,0,0,171,153,0,30
JAX,10/24/10,0,0,193,236,1,42
JAX,10/31/10,0,4,379,50,2,17
JAX,11/14/10,1,0,314,81,0,24
JAX,11/21/10,0,1,241,88,6,20
JAX,11/28/10,0,0,226,135,0,24
JAX,12/5/10,0,2,169,57,1,6
JAX,12/12/10,1,1,344,153,3,31
JAX,12/19/10,0,0,229,155,1,34
JAX,12/26/10,0,1,182,79,1,20
JAX,1/2/10,0,0,253,244,0,34
DEN,9/12/10,0,0,170,134,1,24
DEN,9/19/10,1,3,233,109,1,14
DEN,9/26/10,0,0,325,40,0,27
DEN,10/3/10,2,0,173,121,2,20
DEN,10/10/10,0,0,196,233,1,31
DEN,10/17/10,1,2,198,129,2,24
DEN,10/24/10,0,0,204,328,2,59
DEN,10/31/10,0,0,196,143,0,24
DEN,11/14/10,1,0,469,51,4,29
DEN,11/22/10,0,1,261,147,1,35
DEN,11/28/10,0,0,308,123,2,36
DEN,12/5/10,1,0,196,185,2,10
DEN,12/12/10,1,0,146,211,0,43
DEN,12/19/10,1,2,238,264,0,39
DEN,12/26/10,0,1,310,91,0,23
DEN,1/2/10,0,1,313,164,5,33
TAM,9/12/10,1,2,236,104,0,14
TAM,9/19/10,1,2,184,119,4,7
TAM,9/26/10,0,2,186,201,0,38
TAM,10/10/10,1,3,209,149,0,21
TAM,10/17/10,0,1,263,212,0,31
TAM,10/24/10,1,0,126,161,1,17
TAM,10/31/10,0,4,305,100,1,35
TAM,11/7/10,0,0,235,130,0,27
TAM,11/14/10,1,0,191,118,2,16
TAM,11/21/10,1,1,148,71,6,0
TAM,11/28/10,0,1,289,92,4,17
TAM,12/5/10,0,2,205,85,0,28
TAM,12/12/10,1,0,228,188,2,16
TAM,12/19/10,0,0,252,181,0,23
TAM,12/26/10,0,0,90,90,3,15
TAM,1/2/10,2,1,212,106,3,13
CHI,9/12/10,2,1,171,20,2,14
CHI,9/19/10,1,2,374,36,0,20
CHI,9/27/10,1,1,316,63,0,17
CHI,10/3/10,3,0,195,189,2,17
CHI,10/10/10,0,3,96,85,5,6
CHI,10/17/10,0,0,242,111,0,23
CHI,10/24/10,1,2,200,121,2,17
CHI,11/7/10,1,2,299,46,1,19
CHI,11/14/10,1,3,170,70,1,13
CHI,11/18/10,0,1,187,39,6,0
CHI,11/28/10,0,1,333,105,4,26
CHI,12/5/10,0,0,178,134,2,20
CHI,12/12/10,0,0,369,124,3,36
CHI,12/20/10,2,3,192,114,4,14
CHI,12/26/10,1,1,269,124,0,34
CHI,1/2/10,1,1,229,60,2,10
CHI,1/16/10,0,0,258,34,2,24
CHI,1/23/10,0,2,244,120,1,21
CIN,9/12/10,0,0,258,118,0,38
CIN,9/19/10,0,4,154,109,1,10
CIN,9/26/10,3,1,188,87,1,7
CIN,10/3/10,0,1,184,116,1,23
CIN,10/10/10,2,1,284,125,3,24
CIN,10/24/10,1,1,299,153,0,39
CIN,10/31/10,1,1,217,137,0,22
CIN,11/8/10,1,1,202,121,1,27
CIN,11/14/10,0,0,185,76,2,23
CIN,11/21/10,0,2,316,141,1,49
CIN,11/25/10,0,1,166,170,2,26
CIN,12/5/10,0,1,313,146,2,34
CIN,12/12/10,0,0,258,123,4,23
CIN,12/19/10,0,0,243,59,4,17
CIN,12/26/10,1,1,256,64,1,20
CIN,1/2/10,1,1,125,98,4,13
SEA,9/12/10,0,2,225,49,2,6
SEA,9/19/10,0,0,307,65,1,31
SEA,9/26/10,3,2,455,89,4,20
SEA,10/3/10,0,1,289,88,4,20
SEA,10/17/10,0,0,290,61,6,20
SEA,10/24/10,4,1,132,113,2,10
SEA,10/31/10,0,0,310,239,2,33
SEA,11/7/10,1,0,290,197,0,41
SEA,11/14/10,1,1,322,41,5,18
SEA,11/21/10,0,2,382,112,0,34
SEA,11/28/10,1,0,233,270,0,42
SEA,12/5/10,0,1,169,131,3,14
SEA,12/12/10,0,0,255,95,2,40
SEA,12/19/10,0,1,174,98,1,34
SEA,12/26/10,0,0,252,208,2,38
SEA,1/2/10,0,1,155,47,3,6
SEA,1/8/10,1,0,404,77,1,36
SEA,1/16/10,0,1,274,176,3,35
SFO,9/12/10,0,1,170,77,1,31
SFO,9/20/10,0,0,254,50,2,25
SFO,9/26/10,0,1,250,207,0,31
SFO,10/3/10,0,2,273,98,3,16
SFO,10/10/10,1,0,253,125,4,27
SFO,10/17/10,0,2,83,110,2,9
SFO,10/24/10,2,1,308,76,1,23
SFO,10/31/10,1,1,370,59,4,16
SFO,11/14/10,0,0,251,104,3,20
SFO,11/21/10,0,0,143,162,2,21
SFO,11/29/10,1,1,196,13,1,6
SFO,12/5/10,0,0,298,136,4,34
SFO,12/12/10,1,4,285,84,1,21
SFO,12/16/10,0,0,273,108,1,34
SFO,12/26/10,1,0,292,60,1,25
SFO,1/2/10,0,2,242,78,6,7
WAS,9/12/10,1,0,282,103,1,7
WAS,9/19/10,0,1,497,58,5,30
WAS,9/26/10,1,1,235,133,1,30
WAS,10/3/10,1,1,250,110,1,12
WAS,10/10/10,1,1,293,157,4,13
WAS,10/17/10,3,0,307,170,1,27
WAS,10/24/10,2,4,281,66,4,14
WAS,10/31/10,1,1,212,102,1,37
WAS,11/15/10,0,0,333,260,1,59
WAS,11/21/10,1,1,227,151,1,16
WAS,11/28/10,0,0,172,137,2,17
WAS,12/5/10,0,1,161,197,0,31
WAS,12/12/10,2,0,266,103,1,17
WAS,12/19/10,0,0,305,134,2,33
WAS,12/26/10,0,2,299,78,4,17
WAS,1/2/10,0,1,243,82,0,17
STL,9/12/10,4,0,297,112,2,17
STL,9/19/10,0,2,249,173,2,16
STL,9/26/10,1,1,236,116,1,16
STL,10/3/10,1,1,219,64,4,3
STL,10/10/10,0,0,238,89,1,44
STL,10/17/10,0,1,249,79,7,17
STL,10/24/10,0,0,212,124,3,18
STL,10/31/10,1,3,194,25,3,10
STL,11/14/10,0,0,356,98,5,23
STL,11/21/10,0,0,253,138,0,34
STL,11/28/10,2,0,347,119,3,33
STL,12/5/10,0,2,148,105,4,6
STL,12/12/10,1,2,221,132,1,31
STL,12/19/10,0,1,184,210,3,27
STL,12/26/10,1,1,273,85,4,17
STL,1/2/10,1,0,192,141,0,16
ARI,9/12/10,1,3,253,85,2,13
ARI,9/19/10,1,0,225,221,1,41
ARI,9/26/10,0,1,255,133,3,23
ARI,10/3/10,1,0,249,180,1,41
ARI,10/10/10,1,3,279,85,1,20
ARI,10/24/10,1,0,192,144,5,22
ARI,10/31/10,2,0,278,154,2,38
ARI,11/7/10,1,2,446,80,3,27
ARI,11/14/10,0,1,386,110,2,36
ARI,11/21/10,0,0,193,159,0,31
ARI,11/29/10,0,1,129,261,1,27
ARI,12/5/10,0,1,187,119,2,19
ARI,12/12/10,3,3,166,132,1,13
ARI,12/19/10,1,0,141,177,2,19
ARI,12/25/10,1,2,226,183,5,26
ARI,1/2/10,0,0,276,100,2,38
BUF,9/12/10,0,0,182,132,3,15
BUF,9/19/10,0,0,255,91,0,34
BUF,9/26/10,1,0,252,200,1,38
BUF,10/3/10,0,0,171,273,0,38
BUF,10/10/10,2,1,178,216,2,36
BUF,10/24/10,2,0,250,135,2,37
BUF,10/31/10,0,0,152,274,3,13
BUF,11/7/10,1,0,188,105,1,22
BUF,11/14/10,0,1,323,76,1,12
BUF,11/21/10,1,2,248,133,2,31
BUF,11/28/10,1,0,246,206,5,19
BUF,12/5/10,0,4,187,210,1,38
BUF,12/12/10,2,1,86,105,1,6
BUF,12/19/10,1,1,276,65,3,14
BUF,12/26/10,0,0,140,217,1,34
BUF,1/2/10,0,1,119,276,1,38
MIN,9/9/10,0,0,237,79,1,14
MIN,9/19/10,2,0,114,120,2,14
MIN,9/26/10,1,2,237,63,1,10
MIN,10/11/10,0,0,191,155,2,29
MIN,10/17/10,0,2,220,94,0,21
MIN,10/24/10,0,2,295,84,0,28
MIN,10/31/10,0,0,240,122,0,28
MIN,11/7/10,1,0,196,53,6,24
MIN,11/14/10,0,2,237,130,2,27
MIN,11/21/10,0,0,306,91,3,31
MIN,11/28/10,0,1,211,29,4,13
MIN,12/5/10,4,1,158,84,1,14
MIN,12/13/10,0,2,187,213,1,21
MIN,12/20/10,0,1,194,104,1,40
MIN,12/28/10,2,1,263,107,6,14
MIN,1/2/10,1,1,258,107,1,20
MIA,9/12/10,0,0,139,50,3,10
MIA,9/19/10,1,3,225,156,3,10
MIA,9/26/10,0,0,256,146,0,31
MIA,10/4/10,0,0,153,119,3,41
MIA,10/17/10,0,1,313,76,5,20
MIA,10/24/10,2,0,302,58,3,23
MIA,10/31/10,0,1,156,106,0,14
MIA,11/7/10,0,0,279,146,4,26
MIA,11/14/10,2,1,143,135,2,17
MIA,11/18/10,0,1,156,135,3,16
MIA,11/28/10,1,2,252,16,1,17
MIA,12/5/10,0,0,217,52,2,13
MIA,12/12/10,1,1,216,87,6,6
MIA,12/19/10,0,1,223,71,2,17
MIA,12/26/10,0,0,222,67,2,34
MIA,1/2/10,1,0,321,181,0,38
CLE,9/12/10,1,1,182,119,3,17
CLE,9/19/10,0,2,176,140,1,16
CLE,9/26/10,0,0,256,109,0,24
CLE,10/3/10,2,0,371,67,4,20
CLE,10/10/10,1,0,187,165,2,20
CLE,10/17/10,0,1,257,121,0,28
CLE,10/24/10,0,4,356,58,3,17
CLE,11/7/10,2,1,224,68,1,14
CLE,11/14/10,0,1,299,172,2,26
CLE,11/21/10,2,4,254,145,4,24
CLE,11/28/10,0,1,195,151,3,23
CLE,12/5/10,0,3,174,114,1,10
CLE,12/12/10,1,0,142,192,2,13
CLE,12/19/10,0,0,209,188,0,19
CLE,12/26/10,0,1,102,161,1,20
CLE,1/2/10,0,0,325,100,2,41
CAR,9/12/10,1,3,263,118,1,31
CAR,9/19/10,0,0,178,95,0,20
CAR,9/26/10,0,2,195,120,1,20
CAR,10/3/10,2,0,275,121,2,16
CAR,10/10/10,0,4,51,218,3,23
CAR,10/24/10,0,1,196,99,2,20
CAR,10/31/10,0,0,191,62,2,20
CAR,11/7/10,0,1,253,165,1,34
CAR,11/14/10,2,0,241,186,1,31
CAR,11/21/10,2,0,301,100,3,37
CAR,11/28/10,1,2,245,152,2,24
CAR,12/5/10,0,2,229,161,3,31
CAR,12/12/10,0,1,227,127,3,31
CAR,12/19/10,1,1,196,43,3,12
CAR,12/23/10,2,0,320,115,3,27
CAR,1/2/10,1,0,256,99,1,31
GNB,9/8/11,1,0,419,81,3,34
GNB,9/18/11,1,3,432,71,4,23
GNB,9/25/11,0,2,302,13,3,17
GNB,10/2/11,1,3,273,119,1,23
GNB,10/9/11,0,2,167,95,1,14
GNB,10/16/11,0,1,328,118,3,3
GNB,10/23/11,0,2,219,218,2,27
GNB,11/6/11,0,3,385,85,2,38
GNB,11/14/11,0,1,190,104,3,7
GNB,11/20/11,0,2,342,121,2,26
GNB,11/24/11,0,3,276,136,1,15
GNB,12/4/11,1,1,347,100,1,35
GNB,12/11/11,1,4,247,117,1,16
GNB,12/18/11,0,0,299,139,0,19
GNB,12/25/11,0,2,242,199,0,21
GNB,1/1/11,2,2,520,73,2,41
GNB,1/15/11,0,1,330,95,1,37
NOR,9/8/11,0,0,312,103,2,42
NOR,9/18/11,1,0,244,60,6,13
NOR,9/25/11,0,1,373,109,2,33
NOR,10/2/11,0,1,196,104,3,10
NOR,10/9/11,0,1,224,162,1,27
NOR,10/16/11,0,0,303,117,0,26
NOR,10/23/11,2,1,102,155,1,7
NOR,10/30/11,1,0,175,183,4,31
NOR,11/6/11,0,0,281,84,1,16
NOR,11/13/11,0,1,351,138,1,23
NOR,11/28/11,1,1,406,73,1,24
NOR,12/4/11,0,1,408,87,3,17
NOR,12/11/11,0,0,326,59,2,17
NOR,12/18/11,0,1,120,105,4,20
NOR,12/26/11,1,0,434,35,0,16
NOR,1/1/11,1,1,158,164,2,17
NOR,1/7/11,0,2,380,32,0,28
NOR,1/14/11,1,0,299,143,4,36
NWE,9/12/11,0,1,416,98,4,24
NWE,9/18/11,2,2,378,98,2,21
NWE,9/25/11,0,2,369,79,0,34
NWE,10/2/11,0,2,344,160,0,19
NWE,10/9/11,0,0,166,97,2,21
NWE,10/16/11,1,1,317,77,2,16
NWE,10/30/11,0,1,365,98,5,25
NWE,11/6/11,1,1,250,111,0,24
NWE,11/13/11,1,2,306,110,5,16
NWE,11/21/11,0,3,230,125,3,3
NWE,11/27/11,0,1,400,73,2,20
NWE,12/4/11,1,1,353,99,2,24
NWE,12/11/11,1,1,301,170,2,27
NWE,12/18/11,3,0,194,252,4,23
NWE,12/24/11,1,1,281,121,5,24
NWE,1/1/11,0,4,307,106,2,21
NWE,1/14/11,1,0,136,144,5,10
NWE,1/22/11,0,1,306,116,3,20
NWE,2/5/11,0,1,276,83,2,17
DET,9/11/11,1,1,266,56,2,20
DET,9/18/11,3,3,133,151,2,3
DET,9/25/11,0,0,211,132,4,23
DET,10/2/11,0,3,331,113,1,30
DET,10/10/11,0,0,249,122,3,13
DET,10/16/11,1,1,125,203,2,25
DET,10/23/11,0,2,218,129,3,23
DET,10/30/11,2,1,172,195,7,10
DET,11/13/11,1,0,123,109,2,37
DET,11/20/11,0,4,280,137,1,35
DET,11/24/11,0,0,307,53,2,27
DET,12/4/11,0,0,342,100,2,31
DET,12/11/11,3,3,199,269,4,28
DET,12/18/11,1,0,367,132,3,27
DET,12/24/11,0,2,299,68,0,10
DET,1/1/11,1,1,480,81,3,45
DET,1/7/11,2,0,466,167,2,45
CAR,9/11/11,1,0,309,99,2,28
CAR,9/18/11,1,0,308,124,1,30
CAR,9/25/11,0,1,139,128,2,10
CAR,10/2/11,0,1,102,224,1,34
CAR,10/9/11,0,1,359,101,2,30
CAR,10/16/11,0,0,163,166,1,31
CAR,10/23/11,2,1,279,92,3,20
CAR,10/30/11,1,0,236,132,4,24
CAR,11/13/11,0,1,219,172,1,30
CAR,11/20/11,1,2,335,169,2,49
CAR,11/27/11,0,2,226,105,2,19
CAR,12/4/11,0,1,229,78,2,19
CAR,12/11/11,0,0,320,86,3,31
CAR,12/18/11,1,2,212,150,2,13
CAR,12/24/11,3,1,274,59,3,16
CAR,1/1/11,0,1,409,208,0,45
SDG,9/11/11,0,1,39,159,2,17
SDG,9/18/11,0,0,423,94,2,35
SDG,9/25/11,0,1,176,81,1,17
SDG,10/2/11,0,2,194,72,3,16
SDG,10/9/11,0,1,113,162,0,24
SDG,10/23/11,1,1,173,162,2,27
SDG,10/31/11,2,2,261,94,3,23
SDG,11/6/11,0,0,247,136,4,45
SDG,11/10/11,1,1,299,191,1,24
SDG,11/20/11,0,1,286,92,0,31
SDG,11/27/11,0,0,143,208,1,16
SDG,12/5/11,0,1,195,129,2,14
SDG,12/11/11,0,3,195,96,1,10
SDG,12/18/11,0,2,244,89,7,14
SDG,12/24/11,0,0,373,87,3,38
SDG,1/1/11,0,1,417,103,0,26
ATL,9/11/11,0,1,312,88,5,30
ATL,9/18/11,2,1,314,133,0,31
ATL,9/25/11,0,2,180,115,0,16
ATL,10/2/11,0,2,319,53,0,28
ATL,10/9/11,1,0,396,57,4,25
ATL,10/16/11,0,3,237,139,1,17
ATL,10/23/11,1,0,183,104,3,16
ATL,11/6/11,1,1,118,83,2,7
ATL,11/13/11,0,0,322,41,0,26
ATL,11/20/11,0,1,264,41,1,17
ATL,11/27/11,0,0,186,64,4,14
ATL,12/4/11,1,0,188,162,3,17
ATL,12/11/11,0,2,276,157,2,23
ATL,12/15/11,3,1,141,116,5,14
ATL,12/26/11,0,2,307,164,1,45
ATL,1/1/11,1,3,274,35,2,24
ATL,1/8/11,0,0,277,172,1,24
PHI,9/11/11,1,0,209,154,5,13
PHI,9/18/11,0,2,195,138,4,35
PHI,9/25/11,0,0,254,102,3,29
PHI,10/2/11,1,0,291,164,3,24
PHI,10/9/11,0,1,193,143,1,31
PHI,10/16/11,0,4,260,42,2,13
PHI,10/30/11,0,1,203,85,4,7
PHI,11/7/11,2,0,208,164,0,30
PHI,11/13/11,0,2,315,88,4,21
PHI,11/20/11,1,1,264,29,3,10
PHI,11/27/11,0,0,361,104,1,38
PHI,12/1/11,0,0,190,174,3,31
PHI,12/11/11,2,1,155,109,9,10
PHI,12/18/11,2,2,177,94,4,19
PHI,12/24/11,0,0,182,81,3,7
PHI,1/1/11,0,1,256,130,1,10
NYG,9/11/11,1,0,305,74,4,28
NYG,9/19/11,2,0,331,59,2,16
NYG,9/25/11,0,3,211,177,2,16
NYG,10/2/11,1,1,237,156,4,27
NYG,10/9/11,2,1,315,145,6,36
NYG,10/16/11,0,2,244,155,3,24
NYG,10/30/11,0,1,138,145,5,17
NYG,11/6/11,2,2,342,106,2,20
NYG,11/13/11,0,1,242,77,2,27
NYG,11/20/11,0,3,258,136,1,17
NYG,11/28/11,0,0,372,205,0,49
NYG,12/4/11,0,1,369,89,2,38
NYG,12/11/11,1,0,321,139,3,34
NYG,12/18/11,0,2,185,123,1,23
NYG,12/24/11,1,2,258,105,5,14
NYG,1/1/11,1,1,289,49,6,14
NYG,1/8/11,0,0,199,64,2,2
NYG,1/15/11,3,1,264,147,4,20
NYG,1/22/11,2,0,196,150,3,17
NYG,2/5/11,0,1,276,83,2,17
HOU,9/11/11,2,0,197,64,3,7
HOU,9/18/11,1,1,170,153,2,13
HOU,9/25/11,0,2,370,100,2,40
HOU,10/2/11,0,1,206,118,5,10
HOU,10/9/11,0,1,190,94,3,25
HOU,10/16/11,1,1,305,113,2,29
HOU,10/23/11,0,2,116,53,2,7
HOU,10/30/11,0,2,97,84,1,14
HOU,11/6/11,1,1,146,44,4,12
HOU,11/13/11,1,3,170,90,4,9
HOU,11/27/11,0,1,198,105,7,13
HOU,12/4/11,0,2,267,70,0,10
HOU,12/11/11,2,0,189,101,1,19
HOU,12/18/11,0,0,160,166,2,28
HOU,12/22/11,1,0,244,95,3,19
HOU,1/1/11,1,0,297,86,3,23
HOU,1/7/11,0,3,257,76,4,10
HOU,1/15/11,0,0,176,87,5,20
SFO,9/11/11,2,1,197,64,5,17
SFO,9/18/11,0,2,432,45,1,27
SFO,9/25/11,1,2,157,79,1,8
SFO,10/2/11,2,1,416,108,2,23
SFO,10/9/11,1,2,194,86,3,3
SFO,10/16/11,0,0,293,66,5,19
SFO,10/30/11,1,1,241,66,4,10
SFO,11/6/11,2,1,254,52,2,11
SFO,11/13/11,0,2,311,93,1,20
SFO,11/20/11,2,3,163,80,2,7
SFO,11/24/11,0,0,161,92,0,16
SFO,12/4/11,1,1,156,31,4,0
SFO,12/11/11,1,2,284,55,2,21
SFO,12/19/11,1,3,330,84,3,3
SFO,12/24/11,1,0,163,124,4,17
SFO,1/1/11,0,2,226,111,3,27
SFO,1/14/11,3,2,462,37,3,32
SFO,1/22/11,0,0,316,85,6,20
BAL,9/11/11,4,3,280,66,4,7
BAL,9/18/11,0,1,358,74,0,26
BAL,9/25/11,1,1,166,112,5,7
BAL,10/2/11,3,1,119,38,2,17
BAL,10/16/11,0,0,220,93,4,14
BAL,10/24/11,1,0,93,132,4,12
BAL,10/30/11,0,1,153,109,6,27
BAL,11/6/11,1,1,330,70,1,20
BAL,11/13/11,0,0,217,119,1,22
BAL,11/20/11,0,3,373,119,2,24
BAL,11/24/11,0,1,140,74,9,6
BAL,12/4/11,0,1,196,59,3,10
BAL,12/11/11,0,1,136,50,4,10
BAL,12/18/11,0,0,270,145,0,34
BAL,12/24/11,0,1,147,117,2,14
BAL,1/1/11,1,0,232,105,1,16
BAL,1/15/11,1,3,184,131,0,13
BAL,1/22/11,1,2,239,96,1,23
NYJ,9/11/11,2,1,342,64,4,24
NYJ,9/18/11,0,4,111,112,2,3
NYJ,9/25/11,0,0,156,234,1,34
NYJ,10/2/11,2,1,163,112,2,34
NYJ,10/9/11,0,1,321,152,4,30
NYJ,10/17/11,1,2,204,118,4,6
NYJ,10/23/11,0,2,179,96,1,21
NYJ,11/6/11,1,2,191,96,0,11
NYJ,11/13/11,0,0,329,60,0,37
NYJ,11/17/11,1,0,104,125,1,17
NYJ,11/27/11,0,0,264,86,3,24
NYJ,12/4/11,2,1,221,100,2,19
NYJ,12/11/11,0,1,195,65,5,10
NYJ,12/18/11,3,1,274,160,3,45
NYJ,12/24/11,0,1,225,115,2,29
NYJ,1/1/11,0,2,135,82,1,19
BUF,9/11/11,2,1,119,108,2,7
BUF,9/18/11,1,1,323,131,0,35
BUF,9/25/11,0,4,387,108,0,31
BUF,10/2/11,0,2,298,171,2,23
BUF,10/9/11,1,4,315,174,0,24
BUF,10/16/11,0,0,292,122,0,27
BUF,10/30/11,0,2,208,26,10,0
BUF,11/6/11,1,1,230,126,1,27
BUF,11/13/11,0,0,270,163,0,44
BUF,11/20/11,0,0,160,95,1,35
BUF,11/27/11,1,1,180,138,0,28
BUF,12/4/11,0,0,140,187,1,23
BUF,12/11/11,1,0,240,150,2,37
BUF,12/18/11,3,0,217,254,2,30
BUF,12/24/11,0,3,185,133,4,14
BUF,1/1/11,0,1,360,138,4,49
DAL,9/11/11,1,1,335,45,4,27
DAL,9/18/11,0,1,179,74,6,24
DAL,9/26/11,1,1,250,65,3,16
DAL,10/2/11,0,1,240,63,0,34
DAL,10/16/11,2,2,289,101,3,20
DAL,10/23/11,1,1,196,70,1,7
DAL,10/30/11,0,0,279,239,4,34
DAL,11/6/11,0,3,221,162,1,13
DAL,11/13/11,1,3,146,135,1,7
DAL,11/20/11,1,1,292,60,3,24
DAL,11/24/11,1,0,288,89,4,19
DAL,12/4/11,0,0,247,103,5,19
DAL,12/11/11,0,1,400,110,0,37
DAL,12/17/11,1,0,148,58,3,15
DAL,12/24/11,1,0,293,105,2,20
DAL,1/1/11,0,0,346,106,2,31
OAK,9/12/11,2,1,304,38,5,20
OAK,9/18/11,0,1,264,223,1,38
OAK,9/25/11,1,1,369,100,4,24
OAK,10/2/11,0,0,226,183,1,31
OAK,10/9/11,0,2,416,70,3,20
OAK,10/16/11,1,0,215,65,2,17
OAK,10/23/11,0,2,161,139,0,28
OAK,11/6/11,0,0,124,299,1,38
OAK,11/10/11,1,1,274,75,6,17
OAK,11/20/11,2,3,211,124,5,21
OAK,11/27/11,0,3,254,172,4,20
OAK,12/4/11,0,0,162,209,1,34
OAK,12/11/11,0,1,281,136,4,46
OAK,12/18/11,1,0,391,57,2,28
OAK,12/24/11,0,2,300,135,0,13
OAK,1/1/11,0,1,310,153,0,38
CHI,9/11/11,2,1,319,110,5,12
CHI,9/18/11,1,0,270,118,1,30
CHI,9/25/11,1,1,297,100,2,27
CHI,10/2/11,0,1,374,169,0,29
CHI,10/10/11,0,1,219,181,1,24
CHI,10/16/11,0,0,276,53,5,10
CHI,10/23/11,0,4,264,30,1,18
CHI,11/7/11,1,1,213,119,1,24
CHI,11/13/11,2,4,329,80,2,13
CHI,11/20/11,1,2,280,52,0,20
CHI,11/27/11,0,1,301,73,4,25
CHI,12/4/11,1,0,157,113,2,10
CHI,12/11/11,1,1,236,124,5,13
CHI,12/18/11,1,0,227,60,1,38
CHI,12/25/11,0,0,283,81,1,35
CHI,1/1/11,0,3,228,79,2,13
CIN,9/11/11,0,1,213,83,2,17
CIN,9/18/11,2,0,195,131,2,24
CIN,9/25/11,1,0,201,50,5,13
CIN,10/2/11,0,0,199,83,1,20
CIN,10/9/11,2,0,221,96,3,20
CIN,10/16/11,2,1,188,94,1,17
CIN,10/30/11,1,1,375,61,4,12
CIN,11/6/11,1,0,272,78,2,17
CIN,11/13/11,0,1,245,105,5,24
CIN,11/20/11,0,1,270,105,1,31
CIN,11/27/11,0,1,151,134,2,20
CIN,12/4/11,0,0,176,136,3,35
CIN,12/11/11,3,1,300,144,5,20
CIN,12/18/11,0,0,229,95,3,13
CIN,12/24/11,0,3,297,59,5,16
CIN,1/1/11,0,0,130,221,1,24
CIN,1/7/11,0,0,159,188,2,31
MIN,9/11/11,0,2,335,77,2,24
MIN,9/18/11,0,1,243,105,2,24
MIN,9/25/11,0,0,378,20,5,26
MIN,10/2/11,0,0,260,103,3,22
MIN,10/9/11,1,3,254,77,4,10
MIN,10/16/11,1,0,267,119,1,39
MIN,10/23/11,1,0,335,114,4,33
MIN,10/30/11,2,0,290,140,3,21
MIN,11/14/11,1,0,288,90,3,45
MIN,11/20/11,1,0,164,162,4,27
MIN,11/27/11,1,0,262,89,2,24
MIN,12/4/11,2,0,202,150,2,35
MIN,12/11/11,0,0,227,72,5,34
MIN,12/18/11,2,0,412,161,0,42
MIN,12/24/11,1,1,284,141,3,26
MIN,1/1/11,2,1,160,92,7,17
MIA,9/12/11,0,1,517,106,1,38
MIA,9/18/11,0,0,230,138,3,23
MIA,9/25/11,0,1,210,70,0,17
MIA,10/2/11,0,0,307,116,2,26
MIA,10/17/11,1,0,201,104,2,24
MIA,10/23/11,1,0,161,177,6,18
MIA,10/30/11,0,0,349,58,1,20
MIA,11/6/11,0,0,253,116,5,3
MIA,11/13/11,0,2,215,61,3,9
MIA,11/20/11,0,2,215,41,2,8
MIA,11/24/11,0,2,226,85,1,20
MIA,12/4/11,0,1,273,46,2,14
MIA,12/11/11,1,1,208,51,4,26
MIA,12/18/11,0,3,316,113,3,23
MIA,12/24/11,0,0,304,119,4,27
MIA,1/1/11,0,3,248,129,2,17
TEN,9/11/11,1,0,175,163,2,16
TEN,9/18/11,1,2,197,45,3,13
TEN,9/25/11,0,2,173,59,1,14
TEN,10/2/11,0,1,350,84,4,13
TEN,10/9/11,0,1,261,174,1,38
TEN,10/23/11,0,0,296,222,0,41
TEN,10/30/11,0,2,250,158,2,10
TEN,11/6/11,0,0,217,109,1,24
TEN,11/13/11,1,1,212,113,5,3
TEN,11/20/11,1,0,316,116,0,23
TEN,11/27/11,4,1,199,122,2,17
TEN,12/4/11,2,0,288,104,1,17
TEN,12/11/11,0,0,337,114,2,22
TEN,12/18/11,1,0,82,205,0,27
TEN,12/24/11,0,1,198,113,1,17
TEN,1/1/11,1,0,258,152,3,22
PIT,9/11/11,0,0,224,170,1,35
PIT,9/18/11,0,0,159,31,5,0
PIT,9/25/11,1,0,153,97,1,20
PIT,10/2/11,0,0,138,180,0,17
PIT,10/9/11,0,1,262,66,3,17
PIT,10/16/11,0,0,109,133,5,13
PIT,10/23/11,0,1,272,73,2,20
PIT,10/30/11,0,0,198,43,3,17
PIT,11/6/11,1,0,300,67,3,23
PIT,11/13/11,0,2,170,109,0,17
PIT,11/27/11,1,3,167,90,1,9
PIT,12/4/11,1,1,152,104,3,7
PIT,12/8/11,0,2,222,98,3,3
PIT,12/19/11,0,0,187,100,0,20
PIT,12/24/11,0,0,91,164,3,0
PIT,1/1/11,0,1,177,72,2,9
PIT,1/8/11,1,0,316,131,0,29
SEA,9/11/11,0,0,124,85,0,33
SEA,9/18/11,0,0,313,124,2,24
SEA,9/25/11,0,2,252,90,3,10
SEA,10/2/11,0,0,291,121,0,30
SEA,10/9/11,2,3,420,69,3,25
SEA,10/23/11,0,1,178,139,4,6
SEA,10/30/11,0,2,168,92,1,34
SEA,11/6/11,1,0,279,163,0,23
SEA,11/13/11,2,1,256,75,1,17
SEA,11/20/11,2,1,181,42,5,7
SEA,11/27/11,0,2,314,110,1,23
SEA,12/1/11,0,4,208,132,2,14
SEA,12/12/11,0,1,193,114,3,13
SEA,12/18/11,1,4,123,132,4,14
SEA,12/24/11,0,0,179,178,2,19
SEA,1/1/11,1,1,271,131,2,23
ARI,9/11/11,0,1,422,74,4,21
ARI,9/18/11,0,2,291,172,1,22
ARI,9/25/11,0,1,171,122,4,13
ARI,10/2/11,2,0,321,54,1,31
ARI,10/9/11,1,0,169,172,1,34
ARI,10/23/11,0,0,361,91,2,32
ARI,10/30/11,1,1,336,107,3,30
ARI,11/6/11,0,1,255,150,4,13
ARI,11/13/11,0,2,128,166,2,17
ARI,11/20/11,0,1,267,164,0,23
ARI,11/27/11,2,0,203,86,2,20
ARI,12/4/11,0,0,299,75,5,13
ARI,12/11/11,0,0,175,90,5,19
ARI,12/18/11,1,0,226,120,2,17
ARI,12/24/11,2,0,154,165,2,23
ARI,1/1/11,0,1,222,178,4,20
DEN,9/12/11,1,0,105,190,1,23
DEN,9/18/11,0,0,332,72,2,22
DEN,9/25/11,2,0,311,38,2,17
DEN,10/2/11,0,2,408,111,2,49
DEN,10/9/11,1,1,250,206,5,29
DEN,10/23/11,1,0,197,94,4,15
DEN,10/30/11,0,0,272,113,2,45
DEN,11/6/11,0,3,332,100,2,24
DEN,11/13/11,0,0,140,134,4,10
DEN,11/17/11,1,1,252,83,3,13
DEN,11/27/11,0,0,188,185,3,13
DEN,12/4/11,1,2,389,129,3,32
DEN,12/11/11,1,0,115,159,4,10
DEN,12/18/11,0,0,320,141,2,41
DEN,12/24/11,0,0,196,160,1,40
DEN,1/1/11,1,0,180,106,1,7
DEN,1/8/11,0,1,289,156,5,23
DEN,1/14/11,1,1,363,146,0,45
WAS,9/11/11,0,1,268,75,4,14
WAS,9/18/11,1,1,251,93,3,21
WAS,9/26/11,1,1,255,125,1,18
WAS,10/2/11,1,0,164,45,7,10
WAS,10/16/11,0,2,237,192,2,20
WAS,10/23/11,0,0,256,175,4,33
WAS,10/30/11,1,1,262,138,2,23
WAS,11/6/11,1,0,200,138,2,19
WAS,11/13/11,1,1,209,103,2,20
WAS,11/20/11,0,0,292,89,4,27
WAS,11/27/11,0,1,144,124,2,17
WAS,12/4/11,1,0,165,101,0,34
WAS,12/11/11,0,1,357,79,1,34
WAS,12/18/11,0,3,257,91,3,10
WAS,12/24/11,0,0,152,241,2,33
WAS,1/1/11,1,1,335,75,2,34
TAM,9/11/11,0,1,305,126,0,27
TAM,9/18/11,1,0,228,186,2,20
TAM,9/25/11,2,1,330,30,4,13
TAM,10/3/11,1,0,281,62,4,17
TAM,10/9/11,1,0,205,213,0,48
TAM,10/16/11,1,3,383,70,0,20
TAM,10/23/11,0,2,226,177,2,24
TAM,11/6/11,0,1,258,195,0,27
TAM,11/13/11,0,0,242,185,1,37
TAM,11/20/11,0,1,299,91,2,35
TAM,11/27/11,2,2,160,202,2,23
TAM,12/4/11,0,0,231,163,2,38
TAM,12/11/11,0,2,217,116,1,41
TAM,12/17/11,1,0,249,160,2,31
TAM,12/24/11,0,0,171,270,1,48
TAM,1/1/11,1,1,177,251,0,45
JAX,9/11/11,0,1,263,43,2,14
JAX,9/18/11,0,2,182,101,1,32
JAX,9/25/11,0,0,158,107,0,16
JAX,10/2/11,0,2,351,177,3,23
JAX,10/9/11,0,1,179,77,2,30
JAX,10/16/11,0,0,200,185,3,17
JAX,10/24/11,1,1,137,34,3,7
JAX,10/30/11,2,0,225,156,2,24
JAX,11/13/11,1,2,161,84,5,3
JAX,11/20/11,0,1,199,148,2,14
JAX,11/27/11,1,0,127,88,0,20
JAX,12/5/11,0,0,294,139,0,38
JAX,12/11/11,4,3,184,110,3,14
JAX,12/15/11,0,0,280,97,1,41
JAX,12/24/11,1,2,350,65,1,23
JAX,1/1/11,1,2,264,56,3,13
IND,9/11/11,1,2,220,167,1,34
IND,9/18/11,1,0,211,106,1,27
IND,9/25/11,2,1,364,67,3,23
IND,10/3/11,0,0,287,192,2,24
IND,10/9/11,0,0,257,194,2,28
IND,10/16/11,0,0,264,94,0,27
IND,10/23/11,0,0,325,236,2,62
IND,10/30/11,0,0,224,96,1,27
IND,11/6/11,0,1,275,163,1,31
IND,11/13/11,0,1,118,141,2,17
IND,11/27/11,1,0,208,201,3,27
IND,12/4/11,0,0,289,73,1,31
IND,12/11/11,1,1,227,146,2,24
IND,12/18/11,1,2,331,66,1,13
IND,12/22/11,1,0,132,171,4,16
IND,1/1/11,1,0,92,190,3,19
CLE,9/11/11,0,0,173,139,4,27
CLE,9/18/11,1,1,191,109,2,19
CLE,9/25/11,1,1,255,138,5,16
CLE,10/2/11,0,1,220,112,0,31
CLE,10/16/11,1,0,187,151,2,24
CLE,10/23/11,1,1,97,68,4,3
CLE,10/30/11,0,0,177,174,1,20
CLE,11/6/11,0,1,119,261,0,30
CLE,11/13/11,1,1,155,133,1,13
CLE,11/20/11,0,0,210,108,1,10
CLE,11/27/11,1,0,270,132,2,23
CLE,12/4/11,1,0,158,290,1,24
CLE,12/8/11,2,1,280,147,2,14
CLE,12/18/11,0,1,313,74,4,20
CLE,12/24/11,0,1,132,162,1,20
CLE,1/1/11,2,0,221,161,2,13
KAN,9/11/11,0,1,208,163,1,41
KAN,9/18/11,0,1,322,89,0,48
KAN,9/25/11,0,2,266,117,2,20
KAN,10/2/11,0,1,202,151,2,17
KAN,10/9/11,0,0,277,78,0,24
KAN,10/23/11,0,6,177,155,1,0
KAN,10/31/11,2,2,369,102,3,20
KAN,11/6/11,0,0,244,107,0,31
KAN,11/13/11,0,0,69,244,0,17
KAN,11/21/11,1,0,234,157,3,34
KAN,11/27/11,1,1,193,108,1,13
KAN,12/4/11,0,3,133,93,7,3
KAN,12/11/11,1,0,181,159,3,37
KAN,12/18/11,0,0,235,102,4,14
KAN,12/24/11,0,2,237,71,0,16
KAN,1/1/11,1,1,60,216,2,3
STL,9/11/11,1,0,187,236,3,31
STL,9/19/11,0,1,223,119,3,28
STL,9/25/11,1,0,389,168,2,37
STL,10/2/11,0,2,143,196,0,17
STL,10/16/11,0,1,316,90,1,24
STL,10/23/11,1,0,166,294,2,34
STL,10/30/11,0,2,269,56,6,21
STL,11/6/11,0,0,222,70,3,19
STL,11/13/11,1,0,218,126,2,12
STL,11/20/11,0,2,203,126,4,24
STL,11/27/11,1,2,114,268,3,23
STL,12/4/11,0,0,274,144,4,26
STL,12/12/11,1,0,224,145,2,30
STL,12/18/11,0,1,179,110,1,20
STL,12/24/11,0,1,208,169,0,27
STL,1/1/11,0,0,227,116,3,34
NWE,9/9/12,1,1,272,20,2,13
NWE,9/16/12,2,0,140,102,2,20
NWE,9/23/12,0,1,382,121,0,31
NWE,9/30/12,2,4,350,98,3,28
NWE,10/7/12,3,0,337,70,2,21
NWE,10/14/12,2,0,293,85,2,24
NWE,10/21/12,1,1,328,106,4,26
NWE,10/28/12,0,2,244,107,2,7
NWE,11/11/12,2,1,337,162,3,31
NWE,11/18/12,1,3,334,119,1,24
NWE,11/22/12,4,1,301,119,2,19
NWE,12/2/12,1,0,186,101,3,16
NWE,12/10/12,0,1,247,100,2,14
NWE,12/16/12,1,1,221,180,1,41
NWE,12/23/12,0,3,348,93,1,16
NWE,12/30/12,1,1,235,47,7,0
NWE,1/13/12,0,1,343,91,1,28
NWE,1/20/12,0,0,240,121,2,28
DEN,9/9/12,0,1,245,75,5,19
DEN,9/17/12,0,0,219,67,1,27
DEN,9/23/12,1,1,290,152,1,31
DEN,9/30/12,0,0,202,56,3,6
DEN,10/7/12,1,0,223,251,4,31
DEN,10/15/12,2,4,241,90,4,24
DEN,10/28/12,0,1,213,51,1,14
DEN,11/4/12,0,1,299,91,5,23
DEN,11/11/12,0,2,241,52,7,14
DEN,11/18/12,1,2,258,53,4,23
DEN,11/25/12,0,1,126,148,2,9
DEN,12/2/12,0,1,242,71,1,23
DEN,12/6/12,1,1,273,61,1,13
DEN,12/16/12,1,1,254,56,3,17
DEN,12/23/12,1,0,183,91,6,12
DEN,12/30/12,0,0,49,93,4,3
DEN,1/12/12,1,0,331,155,1,38
NOR,9/9/12,0,0,320,153,2,40
NOR,9/16/12,1,0,253,219,1,35
NOR,9/23/12,2,1,248,273,3,27
NOR,9/30/12,1,1,319,102,0,28
NOR,10/7/12,1,1,354,117,5,24
NOR,10/21/12,0,0,420,102,2,28
NOR,10/28/12,1,0,305,225,0,34
NOR,11/5/12,1,1,272,221,7,13
NOR,11/11/12,0,1,411,46,1,27
NOR,11/18/12,0,2,312,120,3,17
NOR,11/25/12,1,1,231,144,0,31
NOR,11/29/12,1,0,165,124,1,23
NOR,12/9/12,0,2,259,135,0,52
NOR,12/16/12,1,4,330,67,2,0
NOR,12/23/12,1,0,416,40,2,31
NOR,12/30/12,0,1,260,273,1,44
WAS,9/9/12,1,2,339,32,2,32
WAS,9/16/12,2,1,310,151,2,31
WAS,9/23/12,1,1,401,93,2,38
WAS,9/30/12,0,1,299,80,1,22
WAS,10/7/12,1,1,345,83,1,24
WAS,10/14/12,1,2,352,94,4,26
WAS,10/21/12,0,2,337,64,1,27
WAS,10/28/12,0,0,222,140,1,27
WAS,11/4/12,0,0,201,129,0,21
WAS,11/18/12,1,2,204,80,4,6
WAS,11/22/12,1,2,441,35,2,31
WAS,12/3/12,0,0,280,117,1,16
WAS,12/9/12,1,1,182,186,2,28
WAS,12/16/12,0,2,244,58,2,21
WAS,12/23/12,1,1,345,90,5,20
WAS,12/30/12,0,3,218,100,2,18
WAS,1/6/12,1,0,187,224,5,24
GNB,9/9/12,0,0,211,186,4,30
GNB,9/13/12,0,4,126,94,7,10
GNB,9/24/12,0,0,130,127,1,14
GNB,9/30/12,0,0,446,45,2,27
GNB,10/7/12,0,1,362,119,4,30
GNB,10/14/12,0,3,255,90,3,24
GNB,10/21/12,0,1,255,108,3,20
GNB,10/28/12,1,0,303,62,2,15
GNB,11/4/12,1,1,306,54,2,17
GNB,11/18/12,2,2,266,110,5,20
GNB,11/25/12,0,0,249,147,1,38
GNB,12/2/12,0,2,119,240,0,14
GNB,12/9/12,1,1,264,135,1,20
GNB,12/16/12,0,1,135,83,4,13
GNB,12/23/12,0,2,140,79,7,7
GNB,12/30/12,0,0,234,217,1,37
GNB,1/5/12,2,1,180,167,3,10
GNB,1/12/12,0,1,263,323,1,45
NYG,9/5/12,0,1,307,143,2,24
NYG,9/16/12,0,2,243,79,2,34
NYG,9/20/12,2,3,288,60,2,7
NYG,9/30/12,0,0,241,191,2,19
NYG,10/7/12,1,2,291,84,0,27
NYG,10/14/12,0,3,282,80,6,3
NYG,10/21/12,3,1,258,248,3,23
NYG,10/28/12,2,4,437,19,4,24
NYG,11/4/12,1,1,216,158,4,24
NYG,11/11/12,1,0,199,76,0,31
NYG,11/25/12,1,1,230,116,5,10
NYG,12/3/12,1,0,163,207,0,17
NYG,12/9/12,2,2,354,142,1,27
NYG,12/16/12,0,0,270,129,1,34
NYG,12/23/12,0,0,309,224,0,33
NYG,12/30/12,0,1,211,110,1,7
ATL,9/9/12,1,2,258,152,3,24
ATL,9/17/12,1,3,241,118,3,21
ATL,9/23/12,2,2,173,116,1,3
ATL,9/30/12,1,0,215,199,3,28
ATL,10/7/12,0,2,202,129,3,17
ATL,10/14/12,2,1,353,149,3,20
ATL,10/28/12,0,0,191,92,3,17
ATL,11/4/12,0,0,321,65,1,13
ATL,11/11/12,0,1,298,148,1,31
ATL,11/18/12,1,0,70,137,3,19
ATL,11/25/12,0,0,284,50,2,23
ATL,11/29/12,0,5,341,101,1,13
ATL,12/9/12,0,0,287,195,1,30
ATL,12/16/12,1,2,161,97,1,0
ATL,12/22/12,2,1,443,79,0,18
ATL,12/30/12,0,1,222,144,0,22
ATL,1/13/12,1,1,385,123,2,28
ATL,1/20/12,1,0,233,149,1,28
HOU,9/9/12,1,3,219,76,2,10
HOU,9/16/12,1,0,76,65,3,7
HOU,9/23/12,1,0,330,59,3,25
HOU,9/30/12,1,2,193,158,4,14
HOU,10/8/12,0,2,230,69,3,17
HOU,10/14/12,0,0,338,99,2,42
HOU,10/21/12,0,2,147,55,4,13
HOU,11/4/12,1,0,239,74,4,9
HOU,11/11/12,2,2,134,115,0,6
HOU,11/18/12,1,0,378,86,2,37
HOU,11/22/12,1,0,441,106,3,31
HOU,12/2/12,3,3,309,89,6,10
HOU,12/10/12,0,1,296,130,1,42
HOU,12/16/12,1,0,186,124,5,17
HOU,12/23/12,1,0,174,174,1,23
HOU,12/30/12,0,0,191,81,1,28
HOU,1/5/12,0,1,127,80,2,13
HOU,1/13/12,0,0,344,122,1,41
SEA,9/9/12,1,1,215,43,1,20
SEA,9/16/12,1,1,251,49,1,7
SEA,9/24/12,0,0,223,84,8,12
SEA,9/30/12,0,1,223,75,2,19
SEA,10/7/12,2,0,141,82,4,12
SEA,10/14/12,0,2,395,87,1,23
SEA,10/18/12,0,1,140,175,2,13
SEA,10/28/12,0,1,352,84,2,28
SEA,11/4/12,1,1,63,243,4,20
SEA,11/11/12,2,1,132,84,3,7
SEA,11/25/12,0,1,253,189,1,24
SEA,12/2/12,0,0,233,132,0,17
SEA,12/9/12,4,4,133,43,3,0
SEA,12/16/12,1,2,247,118,3,17
SEA,12/23/12,1,1,244,82,1,13
SEA,12/30/12,0,1,252,79,0,13
SEA,1/6/12,1,1,115,104,2,14
SEA,1/13/12,0,2,250,167,0,30
BAL,9/10/12,1,1,221,129,4,13
BAL,9/16/12,2,2,371,129,2,24
BAL,9/23/12,0,0,335,77,2,30
BAL,9/27/12,1,1,320,43,1,16
BAL,10/7/12,2,2,124,214,0,6
BAL,10/14/12,0,1,261,227,1,29
BAL,10/21/12,0,0,256,181,2,43
BAL,11/4/12,0,2,176,116,1,15
BAL,11/11/12,2,1,368,72,3,20
BAL,11/18/12,2,1,199,134,3,10
BAL,11/25/12,0,0,228,91,6,13
BAL,12/2/12,1,2,276,96,2,23
BAL,12/9/12,1,0,268,179,3,31
BAL,12/16/12,0,0,204,163,2,34
BAL,12/23/12,0,0,150,67,3,14
BAL,12/30/12,0,0,143,47,2,23
BAL,1/6/12,1,1,288,152,3,9
BAL,1/12/12,1,2,290,125,3,35
BAL,1/20/12,1,2,320,108,0,13
BAL,2/3/12,1,0,287,93,2,34
SFO,9/9/12,0,1,303,45,3,22
SFO,9/16/12,0,1,230,82,2,19
SFO,9/23/12,2,0,198,146,0,24
SFO,9/30/12,3,1,112,45,3,0
SFO,10/7/12,1,1,126,89,1,3
SFO,10/14/12,0,0,193,149,0,26
SFO,10/18/12,0,1,122,136,2,6
SFO,10/29/12,0,1,290,7,4,3
SFO,11/11/12,1,0,315,159,2,24
SFO,11/19/12,0,2,107,85,6,7
SFO,11/25/12,0,2,267,59,5,21
SFO,12/2/12,0,0,221,85,2,16
SFO,12/9/12,1,0,150,94,2,13
SFO,12/16/12,2,2,443,95,3,34
SFO,12/23/12,0,1,171,176,1,42
SFO,12/30/12,1,1,225,55,2,13
SFO,1/12/12,1,1,257,104,1,31
SFO,1/20/12,1,1,396,81,1,24
SFO,2/3/12,1,0,287,93,2,34
CIN,9/10/12,0,0,329,122,3,44
CIN,9/16/12,1,0,322,130,2,27
CIN,9/23/12,1,0,221,202,5,31
CIN,9/30/12,1,1,186,69,6,10
CIN,10/7/12,2,0,223,68,2,17
CIN,10/14/12,0,1,231,110,2,34
CIN,10/21/12,1,1,278,167,3,24
CIN,11/4/12,0,2,291,68,0,31
CIN,11/11/12,2,2,215,129,4,13
CIN,11/18/12,1,0,188,113,4,6
CIN,11/25/12,1,1,146,99,4,10
CIN,12/2/12,1,1,280,46,4,13
CIN,12/9/12,0,1,268,49,3,20
CIN,12/13/12,4,1,180,42,1,13
CIN,12/23/12,1,2,220,95,4,10
CIN,12/30/12,0,1,183,206,4,17
CIN,1/5/12,0,1,262,158,0,19
TAM,9/9/12,0,2,303,10,3,10
TAM,9/16/12,0,3,510,94,0,41
TAM,9/23/12,2,1,283,38,4,16
TAM,9/30/12,0,0,323,153,1,24
TAM,10/14/12,0,2,180,80,0,10
TAM,10/21/12,0,1,377,81,0,35
TAM,10/25/12,2,1,251,140,3,17
TAM,11/4/12,0,3,418,22,2,32
TAM,11/11/12,0,2,337,103,2,24
TAM,11/18/12,1,0,252,97,2,21
TAM,11/25/12,1,1,353,79,1,24
TAM,12/2/12,0,1,242,91,0,31
TAM,12/9/12,1,0,381,29,6,23
TAM,12/16/12,0,0,307,149,1,41
TAM,12/23/12,1,1,196,89,0,28
TAM,12/30/12,0,0,238,65,2,17
MIN,9/9/12,1,0,260,113,2,23
MIN,9/16/12,0,0,224,84,2,23
MIN,9/23/12,2,1,204,89,3,13
MIN,9/30/12,1,0,319,55,5,13
MIN,10/7/12,1,1,234,52,2,7
MIN,10/14/12,0,1,182,183,1,38
MIN,10/21/12,1,1,262,126,7,14
MIN,10/25/12,0,0,262,159,1,36
MIN,11/4/12,0,0,198,195,1,30
MIN,11/11/12,1,1,329,60,2,24
MIN,11/25/12,1,1,188,113,1,28
MIN,12/2/12,0,1,286,152,2,23
MIN,12/9/12,0,2,324,118,2,14
MIN,12/16/12,1,1,377,87,4,22
MIN,12/23/12,2,0,178,34,4,6
MIN,12/30/12,1,0,365,72,5,34
MIN,1/5/12,0,0,274,76,3,24
DAL,9/5/12,1,0,213,82,3,17
DAL,9/16/12,0,0,151,182,2,27
DAL,9/23/12,1,1,110,75,2,10
DAL,10/1/12,1,0,275,93,2,34
DAL,10/14/12,0,0,234,86,1,31
DAL,10/21/12,1,1,233,112,2,14
DAL,10/28/12,1,1,192,103,1,29
DAL,11/4/12,0,0,342,123,3,19
DAL,11/11/12,1,1,289,91,2,23
DAL,11/18/12,1,0,210,119,2,20
DAL,11/22/12,0,1,304,149,3,38
DAL,12/2/12,1,0,251,183,1,33
DAL,12/9/12,0,1,206,146,5,19
DAL,12/16/12,1,1,339,69,4,24
DAL,12/23/12,0,0,446,116,0,34
DAL,12/30/12,0,0,100,274,1,28
CHI,9/9/12,2,3,309,63,3,21
CHI,9/13/12,1,1,246,106,5,23
CHI,9/23/12,0,2,152,59,6,6
CHI,10/1/12,0,5,396,41,1,18
CHI,10/7/12,1,2,142,60,3,3
CHI,10/22/12,3,1,263,97,3,7
CHI,10/28/12,0,2,314,119,2,22
CHI,11/4/12,4,1,200,159,2,20
CHI,11/11/12,0,2,95,127,1,13
CHI,11/19/12,0,0,243,121,2,32
CHI,11/25/12,2,1,159,114,2,10
CHI,12/2/12,1,0,293,176,2,23
CHI,12/9/12,0,1,91,171,1,21
CHI,12/16/12,2,0,291,113,3,21
CHI,12/23/12,1,2,246,29,4,13
CHI,12/30/12,3,1,272,72,1,24
DET,9/9/12,0,0,198,77,4,23
DET,9/16/12,1,0,226,148,3,27
DET,9/23/12,2,0,378,59,0,44
DET,9/30/12,0,0,111,127,2,20
DET,10/14/12,1,2,311,71,3,23
DET,10/22/12,0,0,150,171,5,13
DET,10/28/12,1,1,236,133,0,24
DET,11/4/12,0,2,220,64,1,14
DET,11/11/12,0,0,221,196,2,34
DET,11/18/12,0,1,236,95,3,24
DET,11/22/12,0,1,315,205,2,34
DET,12/2/12,0,3,391,87,2,35
DET,12/9/12,1,0,173,140,3,27
DET,12/16/12,0,1,104,99,1,38
DET,12/22/12,0,0,279,73,1,31
DET,12/30/12,0,0,257,144,2,26
IND,9/9/12,0,1,333,114,2,41
IND,9/16/12,1,0,245,95,4,20
IND,9/23/12,0,0,155,185,1,22
IND,10/7/12,0,1,235,149,5,27
IND,10/14/12,0,0,105,252,1,35
IND,10/21/12,0,0,264,55,0,13
IND,10/28/12,0,0,236,112,2,13
IND,11/4/12,0,0,290,84,2,20
IND,11/8/12,1,2,330,37,4,10
IND,11/18/12,0,0,331,115,0,59
IND,11/25/12,0,1,180,135,2,13
IND,12/2/12,0,1,313,138,0,33
IND,12/9/12,0,2,262,97,1,23
IND,12/16/12,0,0,261,178,3,29
IND,12/23/12,1,2,162,352,1,13
IND,12/30/12,0,2,275,102,4,16
IND,1/6/12,2,0,282,170,1,24
CAR,9/9/12,0,0,138,130,2,16
CAR,9/16/12,0,2,325,163,1,27
CAR,9/20/12,0,0,292,125,2,36
CAR,9/30/12,0,1,369,121,7,30
CAR,10/7/12,1,2,221,98,2,16
CAR,10/21/12,1,0,227,85,0,19
CAR,10/28/12,2,1,186,79,6,23
CAR,11/4/12,0,0,215,151,4,13
CAR,11/11/12,2,0,301,65,1,36
CAR,11/18/12,1,2,248,167,1,27
CAR,11/26/12,3,0,119,204,1,22
CAR,12/2/12,0,0,201,158,1,27
CAR,12/9/12,0,1,342,35,2,20
CAR,12/16/12,2,0,121,70,6,7
CAR,12/23/12,0,1,151,47,1,6
CAR,12/30/12,0,1,396,63,2,38
SDG,9/10/12,1,0,297,45,3,14
SDG,9/16/12,0,1,174,38,0,10
SDG,9/23/12,0,1,275,119,2,27
SDG,9/30/12,3,3,251,115,2,20
SDG,10/7/12,0,1,370,53,3,31
SDG,10/15/12,2,1,309,56,0,35
SDG,10/28/12,0,0,129,133,2,7
SDG,11/1/12,3,1,181,113,1,13
SDG,11/11/12,0,0,210,74,1,34
SDG,11/18/12,1,1,270,133,3,30
SDG,11/25/12,0,0,355,127,5,16
SDG,12/2/12,1,2,211,128,1,20
SDG,12/9/12,1,1,285,69,2,24
SDG,12/16/12,1,0,231,155,2,31
SDG,12/23/12,1,1,227,69,11,17
SDG,12/30/12,0,1,150,115,0,21
BUF,9/9/12,0,1,266,118,0,48
BUF,9/16/12,2,1,301,150,5,17
BUF,9/23/12,0,2,237,33,4,14
BUF,9/30/12,2,0,340,247,1,52
BUF,10/7/12,1,0,310,311,0,45
BUF,10/14/12,0,2,173,182,5,16
BUF,10/21/12,0,0,205,197,2,35
BUF,11/4/12,0,0,268,118,2,21
BUF,11/11/12,0,0,237,117,1,37
BUF,11/15/12,1,2,141,60,3,14
BUF,11/25/12,1,1,240,87,4,20
BUF,12/2/12,1,1,202,50,3,18
BUF,12/9/12,0,1,209,78,1,15
BUF,12/16/12,0,0,205,270,2,50
BUF,12/23/12,0,0,130,182,2,24
BUF,12/30/12,1,1,205,133,1,9
PIT,9/9/12,1,0,253,94,2,31
PIT,9/16/12,1,0,138,90,2,10
PIT,9/23/12,0,1,209,119,1,34
PIT,10/7/12,2,0,175,78,3,14
PIT,10/11/12,0,1,290,94,3,26
PIT,10/21/12,0,1,105,80,0,17
PIT,10/28/12,0,0,177,86,1,12
PIT,11/4/12,0,1,125,68,2,20
PIT,11/12/12,0,1,154,142,2,13
PIT,11/18/12,0,0,164,47,2,13
PIT,11/25/12,0,1,158,108,4,20
PIT,12/2/12,1,1,188,111,3,20
PIT,12/9/12,0,0,200,94,1,34
PIT,12/16/12,1,0,341,87,1,27
PIT,12/23/12,1,2,278,14,6,13
PIT,12/30/12,3,1,204,138,4,10
TEN,9/9/12,0,0,236,162,1,34
TEN,9/16/12,0,1,284,148,4,38
TEN,9/23/12,1,0,450,141,1,41
TEN,9/30/12,0,0,202,95,0,38
TEN,10/7/12,0,2,258,175,1,30
TEN,10/11/12,0,1,363,56,1,23
TEN,10/21/12,1,1,225,166,1,34
TEN,10/28/12,0,1,297,171,2,19
TEN,11/4/12,1,0,229,160,3,51
TEN,11/11/12,1,3,217,54,2,3
TEN,11/25/12,0,1,261,100,7,24
TEN,12/2/12,0,0,207,124,0,24
TEN,12/9/12,0,2,196,98,4,27
TEN,12/17/12,1,4,131,146,4,10
TEN,12/23/12,0,0,351,117,1,55
TEN,12/30/12,0,3,298,122,7,20
CLE,9/9/12,1,4,317,150,2,17
CLE,9/16/12,0,1,318,80,6,34
CLE,9/23/12,1,0,208,138,1,24
CLE,9/27/12,0,1,356,101,4,23
CLE,10/7/12,1,1,259,243,0,41
CLE,10/14/12,1,3,381,76,2,24
CLE,10/21/12,1,0,186,148,3,17
CLE,10/28/12,1,0,154,117,1,6
CLE,11/4/12,0,0,153,137,1,25
CLE,11/18/12,1,0,313,63,7,23
CLE,11/25/12,5,3,199,49,1,14
CLE,12/2/12,0,1,351,85,1,17
CLE,12/9/12,0,1,159,180,5,7
CLE,12/16/12,0,1,329,122,2,38
CLE,12/23/12,0,1,339,118,0,34
CLE,12/30/12,0,0,134,91,2,24
STL,9/9/12,0,3,355,83,1,27
STL,9/16/12,0,1,206,176,1,28
STL,9/23/12,0,1,183,103,2,23
STL,9/30/12,0,3,160,179,2,13
STL,10/4/12,1,0,289,45,9,3
STL,10/14/12,0,0,185,36,3,17
STL,10/21/12,0,0,342,70,3,30
STL,10/28/12,0,0,321,152,0,45
STL,11/11/12,0,0,189,183,5,24
STL,11/18/12,0,0,177,124,3,27
STL,11/25/12,0,4,312,74,2,17
STL,12/2/12,1,0,208,148,3,13
STL,12/9/12,1,1,247,61,5,12
STL,12/16/12,0,0,131,213,2,36
STL,12/23/12,1,4,372,80,5,13
STL,12/30/12,0,0,250,153,6,20
OAK,9/10/12,0,0,231,32,1,22
OAK,9/16/12,0,0,200,263,1,35
OAK,9/23/12,2,0,384,54,1,31
OAK,9/30/12,1,0,338,165,0,37
OAK,10/14/12,0,3,249,45,1,23
OAK,10/21/12,1,0,181,54,3,23
OAK,10/28/12,2,2,219,102,3,16
OAK,11/4/12,1,0,247,278,1,42
OAK,11/11/12,0,1,341,78,0,55
OAK,11/18/12,0,0,229,151,0,38
OAK,11/25/12,0,0,210,221,2,34
OAK,12/2/12,0,2,364,122,1,20
OAK,12/6/12,0,1,310,140,3,26
OAK,12/16/12,0,1,136,10,4,0
OAK,12/23/12,1,1,170,112,2,17
OAK,12/30/12,0,0,151,70,2,24
MIA,9/9/12,0,0,266,83,2,30
MIA,9/16/12,0,1,373,23,0,13
MIA,9/23/12,0,2,306,93,2,23
MIA,9/30/12,0,2,324,28,8,24
MIA,10/7/12,1,2,234,80,3,13
MIA,10/14/12,1,0,315,162,3,14
MIA,10/28/12,1,1,283,105,4,9
MIA,11/4/12,0,0,433,97,1,23
MIA,11/11/12,0,0,122,177,1,37
MIA,11/15/12,0,0,168,120,3,19
MIA,11/25/12,0,0,224,96,2,21
MIA,12/2/12,0,1,238,108,4,23
MIA,12/9/12,0,0,185,155,4,27
MIA,12/16/12,0,0,221,86,2,3
MIA,12/23/12,3,1,240,154,2,10
MIA,12/30/12,0,0,284,167,1,28
NYJ,9/9/12,1,3,195,195,0,28
NYJ,9/16/12,0,0,275,66,3,27
NYJ,9/23/12,1,1,196,185,0,20
NYJ,9/30/12,0,0,143,247,2,34
NYJ,10/8/12,0,1,209,169,0,23
NYJ,10/14/12,2,2,280,41,4,9
NYJ,10/21/12,1,0,259,131,1,29
NYJ,10/28/12,1,0,149,97,2,30
NYJ,11/11/12,2,0,211,174,4,28
NYJ,11/18/12,2,1,170,114,1,13
NYJ,11/22/12,1,0,323,152,0,49
NYJ,12/2/12,0,1,72,81,2,6
NYJ,12/9/12,0,2,185,123,3,10
NYJ,12/17/12,0,0,149,167,4,14
NYJ,12/23/12,0,0,165,87,4,27
NYJ,12/30/12,1,0,225,109,0,28
PHI,9/9/12,0,4,118,99,2,16
PHI,9/16/12,1,1,232,111,2,23
PHI,9/23/12,0,0,222,99,3,27
PHI,9/30/12,0,1,309,57,0,17
PHI,10/7/12,0,0,220,123,0,16
PHI,10/14/12,0,1,311,138,0,26
PHI,10/28/12,0,0,262,146,2,30
PHI,11/5/12,2,0,239,140,2,28
PHI,11/11/12,0,0,209,101,3,38
PHI,11/18/12,0,0,200,169,2,31
PHI,11/26/12,0,0,306,109,2,30
PHI,12/2/12,0,0,303,123,2,38
PHI,12/9/12,0,0,189,136,2,21
PHI,12/13/12,2,0,127,157,6,34
PHI,12/23/12,0,1,198,128,1,27
PHI,12/30/12,0,0,223,185,1,42
JAX,9/9/12,1,0,270,123,2,26
JAX,9/16/12,0,0,195,216,0,27
JAX,9/23/12,0,1,313,124,0,17
JAX,9/30/12,1,1,244,138,0,27
JAX,10/7/12,0,1,292,214,1,41
JAX,10/21/12,2,1,298,69,2,26
JAX,10/28/12,1,0,186,66,2,24
JAX,11/4/12,0,0,285,149,1,31
JAX,11/8/12,1,1,227,138,2,27
JAX,11/18/12,1,2,527,149,2,43
JAX,11/25/12,0,2,261,110,1,19
JAX,12/2/12,1,1,112,232,0,34
JAX,12/9/12,2,0,111,166,1,17
JAX,12/16/12,1,0,220,180,1,24
JAX,12/23/12,0,2,267,103,3,23
JAX,12/30/12,0,0,152,79,2,38
ARI,9/9/12,1,1,153,115,3,16
ARI,9/16/12,0,1,316,90,4,18
ARI,9/23/12,3,0,217,113,5,6
ARI,9/30/12,2,2,431,86,4,21
ARI,10/4/12,0,1,141,111,1,17
ARI,10/14/12,1,1,153,165,2,19
ARI,10/21/12,0,2,58,166,3,21
ARI,10/29/12,0,0,232,113,4,24
ARI,11/4/12,0,1,218,176,1,31
ARI,11/18/12,1,5,301,58,1,23
ARI,11/25/12,0,1,205,173,2,31
ARI,12/2/12,1,3,126,177,3,7
ARI,12/9/12,0,1,216,284,1,58
ARI,12/16/12,1,3,246,84,2,10
ARI,12/23/12,1,0,146,152,1,28
ARI,12/30/12,0,0,282,129,1,27
KAN,9/9/12,0,0,299,84,1,40
KAN,9/16/12,0,0,178,201,0,35
KAN,9/23/12,0,1,240,83,4,24
KAN,9/30/12,0,1,209,104,3,37
KAN,10/7/12,1,1,187,133,4,9
KAN,10/14/12,1,1,328,145,1,38
KAN,10/28/12,0,1,209,135,0,26
KAN,11/1/12,1,1,220,123,1,31
KAN,11/12/12,1,0,157,95,1,16
KAN,11/18/12,0,0,230,189,2,28
KAN,11/25/12,0,1,285,95,2,17
KAN,12/2/12,0,0,232,165,2,21
KAN,12/9/12,0,0,217,154,3,30
KAN,12/16/12,1,0,182,203,0,15
KAN,12/23/12,0,0,205,90,3,20
KAN,12/30/12,1,0,316,172,0,38
